seed,role,reference_method,comparison_method,consumer,unit_metric,difference_semantics,mean_difference,bootstrap_lower,bootstrap_upper,permutation_p_value,independent_unit_count,smoke_only
17,held_out,chronaris,contiformer,end_to_end_linear,classification_correct,positive_favors_reference,-0.18229166666666666,-0.2708333333333333,-0.09375,0.00029997000299970003,48,False
17,held_out,chronaris,mult,end_to_end_linear,classification_correct,positive_favors_reference,-0.14583333333333334,-0.25,-0.046875,0.007899210078992101,48,False
17,held_out,chronaris,naive_time_sync,end_to_end_linear,classification_correct,positive_favors_reference,0.041666666666666664,-0.036458333333333336,0.11458333333333333,0.33056694330566944,48,False
17,held_out,chronaris,physiology_only,end_to_end_linear,classification_correct,positive_favors_reference,-0.005208333333333333,-0.10416666666666667,0.09375,1.0,48,False
17,held_out,chronaris,vehicle_only,end_to_end_linear,classification_correct,positive_favors_reference,-0.078125,-0.16666666666666666,0.010416666666666666,0.11118888111188881,48,False
17,held_out,chronaris,contiformer,end_to_end_linear,regression_absolute_error,positive_favors_reference,0.0036263344809412956,-0.002536004122036199,0.010013603752789398,0.2676732326767323,48,False
17,held_out,chronaris,mult,end_to_end_linear,regression_absolute_error,positive_favors_reference,0.003796516607205073,-0.00047835662650565306,0.008224619575776158,0.10718928107189281,48,False
17,held_out,chronaris,naive_time_sync,end_to_end_linear,regression_absolute_error,positive_favors_reference,0.16179910519470772,0.13915867869897436,0.1840316747315228,9.999000099990002e-05,48,False
17,held_out,chronaris,physiology_only,end_to_end_linear,regression_absolute_error,positive_favors_reference,0.011220337202151617,0.0036708260265489417,0.018842665051730965,0.0058994100589941,48,False
17,held_out,chronaris,vehicle_only,end_to_end_linear,regression_absolute_error,positive_favors_reference,-0.004464049823582172,-0.01490222371648997,0.005434492533095167,0.416958304169583,48,False
17,held_out,chronaris,contiformer,end_to_end_tcn_duration,frame_accuracy,positive_favors_reference,0.06244574652777777,0.02826063368055555,0.09662814670138888,0.0007999200079992001,48,False
17,held_out,chronaris,mult,end_to_end_tcn_duration,frame_accuracy,positive_favors_reference,0.0039062500000000035,-0.02739935980902777,0.03743489583333332,0.8128187181281872,48,False
17,held_out,chronaris,naive_time_sync,end_to_end_tcn_duration,frame_accuracy,positive_favors_reference,0.2879774305555556,0.24412977430555555,0.3316569010416667,9.999000099990002e-05,48,False
17,held_out,chronaris,physiology_only,end_to_end_tcn_duration,frame_accuracy,positive_favors_reference,0.1708441840277778,0.12031928168402777,0.21967230902777776,9.999000099990002e-05,48,False
17,held_out,chronaris,vehicle_only,end_to_end_tcn_duration,frame_accuracy,positive_favors_reference,0.17529296875,0.13649631076388888,0.21289198133680554,9.999000099990002e-05,48,False
17,held_out,chronaris,contiformer,end_to_end_tcn_raw,frame_accuracy,positive_favors_reference,0.05045572916666668,0.016163465711805568,0.0861070421006944,0.0052994700529947,48,False
17,held_out,chronaris,mult,end_to_end_tcn_raw,frame_accuracy,positive_favors_reference,0.0014105902777777856,-0.029569498697916665,0.03380533854166665,0.9285071492850715,48,False
17,held_out,chronaris,naive_time_sync,end_to_end_tcn_raw,frame_accuracy,positive_favors_reference,0.2785373263888889,0.2370279947916667,0.32037217881944446,9.999000099990002e-05,48,False
17,held_out,chronaris,physiology_only,end_to_end_tcn_raw,frame_accuracy,positive_favors_reference,0.18728298611111108,0.13969184027777778,0.23395860460069437,9.999000099990002e-05,48,False
17,held_out,chronaris,vehicle_only,end_to_end_tcn_raw,frame_accuracy,positive_favors_reference,0.15554470486111113,0.11621093750000001,0.19460856119791667,9.999000099990002e-05,48,False
29,held_out,chronaris,contiformer,end_to_end_linear,classification_correct,positive_favors_reference,-0.08333333333333333,-0.16666666666666666,0.0,0.08029197080291971,48,False
29,held_out,chronaris,mult,end_to_end_linear,classification_correct,positive_favors_reference,-0.046875,-0.125,0.036458333333333336,0.33966603339666035,48,False
29,held_out,chronaris,naive_time_sync,end_to_end_linear,classification_correct,positive_favors_reference,0.22395833333333334,0.16666666666666666,0.2864583333333333,9.999000099990002e-05,48,False
29,held_out,chronaris,physiology_only,end_to_end_linear,classification_correct,positive_favors_reference,-0.052083333333333336,-0.12513020833333333,0.026041666666666668,0.25377462253774624,48,False
29,held_out,chronaris,vehicle_only,end_to_end_linear,classification_correct,positive_favors_reference,0.109375,0.020833333333333332,0.20833333333333334,0.0438956104389561,48,False
29,held_out,chronaris,contiformer,end_to_end_linear,regression_absolute_error,positive_favors_reference,-0.00261668519427379,-0.015056751381295422,0.009902402603377897,0.6879312068793121,48,False
29,held_out,chronaris,mult,end_to_end_linear,regression_absolute_error,positive_favors_reference,-0.0019722172680000463,-0.011418262294804056,0.006327669345773748,0.6627337266273373,48,False
29,held_out,chronaris,naive_time_sync,end_to_end_linear,regression_absolute_error,positive_favors_reference,0.06840900331735611,0.05213522197057803,0.0849366543116048,9.999000099990002e-05,48,False
29,held_out,chronaris,physiology_only,end_to_end_linear,regression_absolute_error,positive_favors_reference,0.009776847437024117,0.0026380166877061125,0.01705554596458872,0.013098690130986902,48,False
29,held_out,chronaris,vehicle_only,end_to_end_linear,regression_absolute_error,positive_favors_reference,0.005812928080558777,-0.002060865828146537,0.014239193615503607,0.17618238176182383,48,False
29,held_out,chronaris,contiformer,end_to_end_tcn_duration,frame_accuracy,positive_favors_reference,0.05126953125,0.01599799262152777,0.08441975911458334,0.0051994800519948,48,False
29,held_out,chronaris,mult,end_to_end_tcn_duration,frame_accuracy,positive_favors_reference,-0.015299479166666671,-0.0538791232638889,0.024092610677083313,0.46425357464253575,48,False
29,held_out,chronaris,naive_time_sync,end_to_end_tcn_duration,frame_accuracy,positive_favors_reference,0.21348741319444445,0.1696940104166667,0.2601467556423611,9.999000099990002e-05,48,False
29,held_out,chronaris,physiology_only,end_to_end_tcn_duration,frame_accuracy,positive_favors_reference,0.09461805555555554,0.04902886284722223,0.14562581380208328,0.0006999300069993001,48,False
29,held_out,chronaris,vehicle_only,end_to_end_tcn_duration,frame_accuracy,positive_favors_reference,0.15771484374999997,0.12851969401041666,0.18788384331597222,9.999000099990002e-05,48,False
29,held_out,chronaris,contiformer,end_to_end_tcn_raw,frame_accuracy,positive_favors_reference,0.045681423611111105,0.003900824652777773,0.08355170355902776,0.022497750224977502,48,False
29,held_out,chronaris,mult,end_to_end_tcn_raw,frame_accuracy,positive_favors_reference,-0.04535590277777777,-0.08735487196180555,-0.0037339952256944765,0.045295470452954706,48,False
29,held_out,chronaris,naive_time_sync,end_to_end_tcn_raw,frame_accuracy,positive_favors_reference,0.17979600694444445,0.13253445095486108,0.22775743272569446,9.999000099990002e-05,48,False
29,held_out,chronaris,physiology_only,end_to_end_tcn_raw,frame_accuracy,positive_favors_reference,0.06971571180555557,0.023484971788194465,0.11794704861111112,0.007999200079992,48,False
29,held_out,chronaris,vehicle_only,end_to_end_tcn_raw,frame_accuracy,positive_favors_reference,0.14767795138888887,0.1160983615451389,0.17816975911458333,9.999000099990002e-05,48,False
43,held_out,chronaris,contiformer,end_to_end_linear,classification_correct,positive_favors_reference,0.057291666666666664,-0.020833333333333332,0.13541666666666666,0.21157884211578842,48,False
43,held_out,chronaris,mult,end_to_end_linear,classification_correct,positive_favors_reference,0.06770833333333333,-0.015625,0.15625,0.15348465153484653,48,False
43,held_out,chronaris,naive_time_sync,end_to_end_linear,classification_correct,positive_favors_reference,0.15625,0.06770833333333333,0.24479166666666666,0.0020997900209979003,48,False
43,held_out,chronaris,physiology_only,end_to_end_linear,classification_correct,positive_favors_reference,-0.036458333333333336,-0.13541666666666666,0.057291666666666664,0.531946805319468,48,False
43,held_out,chronaris,vehicle_only,end_to_end_linear,classification_correct,positive_favors_reference,0.046875,-0.052083333333333336,0.14583333333333334,0.3935606439356064,48,False
43,held_out,chronaris,contiformer,end_to_end_linear,regression_absolute_error,positive_favors_reference,-0.010413195006549358,-0.019231445117232703,-0.001740044021668536,0.022297770222977704,48,False
43,held_out,chronaris,mult,end_to_end_linear,regression_absolute_error,positive_favors_reference,0.0010334905236959457,-0.003064723910453419,0.0049378048706178864,0.6335366463353664,48,False
43,held_out,chronaris,naive_time_sync,end_to_end_linear,regression_absolute_error,positive_favors_reference,0.1508509044845899,0.1311131487367675,0.1713935585770135,9.999000099990002e-05,48,False
43,held_out,chronaris,physiology_only,end_to_end_linear,regression_absolute_error,positive_favors_reference,0.016665237334867317,0.008990930245878796,0.02406142412219196,0.00019998000199980003,48,False
43,held_out,chronaris,vehicle_only,end_to_end_linear,regression_absolute_error,positive_favors_reference,0.011035739133755365,-0.0014286030394335587,0.023284107609651983,0.09549045095490451,48,False
43,held_out,chronaris,contiformer,end_to_end_tcn_duration,frame_accuracy,positive_favors_reference,0.07953559027777778,0.03976779513888889,0.12370198567708333,0.0006999300069993001,48,False
43,held_out,chronaris,mult,end_to_end_tcn_duration,frame_accuracy,positive_favors_reference,-0.04969618055555555,-0.08035074869791665,-0.019638400607638894,0.0029997000299970002,48,False
43,held_out,chronaris,naive_time_sync,end_to_end_tcn_duration,frame_accuracy,positive_favors_reference,0.04454210069444444,0.013505045572916657,0.07595621744791665,0.0086991300869913,48,False
43,held_out,chronaris,physiology_only,end_to_end_tcn_duration,frame_accuracy,positive_favors_reference,0.12977430555555555,0.08603922526041666,0.1777913411458333,9.999000099990002e-05,48,False
43,held_out,chronaris,vehicle_only,end_to_end_tcn_duration,frame_accuracy,positive_favors_reference,0.18343098958333334,0.14707031249999997,0.22189941406249997,9.999000099990002e-05,48,False
43,held_out,chronaris,contiformer,end_to_end_tcn_raw,frame_accuracy,positive_favors_reference,0.05891927083333332,0.02132161458333333,0.10004340277777779,0.0058994100589941,48,False
43,held_out,chronaris,mult,end_to_end_tcn_raw,frame_accuracy,positive_favors_reference,-0.07503255208333333,-0.10558132595486112,-0.046058485243055565,9.999000099990002e-05,48,False
43,held_out,chronaris,naive_time_sync,end_to_end_tcn_raw,frame_accuracy,positive_favors_reference,0.029676649305555552,-0.00721842447916667,0.06673583984374998,0.13958604139586042,48,False
43,held_out,chronaris,physiology_only,end_to_end_tcn_raw,frame_accuracy,positive_favors_reference,0.11295572916666667,0.07128770616319445,0.15793321397569446,9.999000099990002e-05,48,False
43,held_out,chronaris,vehicle_only,end_to_end_tcn_raw,frame_accuracy,positive_favors_reference,0.17306857638888892,0.13617485894097223,0.21153564453125004,9.999000099990002e-05,48,False
