seed,method,epoch,train_loss,selection_loss,selection_role,improved,epochs_without_improvement,gradient_norm_before_clip,valid_query_count
17,physiology_only,1,1.8646420240402222,1.672040343284607,validation,True,0,3.240222215652466,36864
17,physiology_only,2,1.676939845085144,1.6050118207931519,validation,True,0,1.4772111177444458,36864
17,physiology_only,3,1.614976406097412,1.5673977136611938,validation,True,0,1.2484612464904785,36864
17,physiology_only,4,1.5865607261657715,1.5340479612350464,validation,True,0,1.4578990936279297,36864
17,physiology_only,5,1.5492897033691406,1.5131866931915283,validation,True,0,1.2626391649246216,36864
17,physiology_only,6,1.5114189386367798,1.5148022174835205,validation,False,1,0.7430106401443481,36864
17,physiology_only,7,1.4932820796966553,1.5271599292755127,validation,False,2,0.5930626392364502,36864
17,physiology_only,8,1.4852962493896484,1.5360922813415527,validation,False,3,0.6765698194503784,36864
17,physiology_only,9,1.4840972423553467,1.5339418649673462,validation,False,4,0.7925299406051636,36864
17,physiology_only,10,1.4792765378952026,1.5241740942001343,validation,False,5,0.7871348857879639,36864
17,physiology_only,11,1.4695672988891602,1.5145732164382935,validation,False,6,0.5803872346878052,36864
17,vehicle_only,1,1.629117727279663,1.563110589981079,validation,True,0,0.5437125563621521,36864
17,vehicle_only,2,1.5746862888336182,1.5274351835250854,validation,True,0,0.40764883160591125,36864
17,vehicle_only,3,1.533766746520996,1.4952694177627563,validation,True,0,0.3572325110435486,36864
17,vehicle_only,4,1.496291995048523,1.4628314971923828,validation,True,0,0.36162659525871277,36864
17,vehicle_only,5,1.461181640625,1.4281518459320068,validation,True,0,0.38603001832962036,36864
17,vehicle_only,6,1.4243152141571045,1.3906606435775757,validation,True,0,0.41533586382865906,36864
17,vehicle_only,7,1.3850665092468262,1.350728154182434,validation,True,0,0.4354028105735779,36864
17,vehicle_only,8,1.3459314107894897,1.3093055486679077,validation,True,0,0.44286680221557617,36864
17,vehicle_only,9,1.3046956062316895,1.2676246166229248,validation,True,0,0.4403364658355713,36864
17,vehicle_only,10,1.2655365467071533,1.227055549621582,validation,True,0,0.4260408580303192,36864
17,vehicle_only,11,1.226569652557373,1.1889272928237915,validation,True,0,0.40812259912490845,36864
17,vehicle_only,12,1.1924262046813965,1.1540088653564453,validation,True,0,0.3970135450363159,36864
17,vehicle_only,13,1.1582049131393433,1.1222079992294312,validation,True,0,0.4054309129714966,36864
17,vehicle_only,14,1.1265869140625,1.0929489135742188,validation,True,0,0.41512587666511536,36864
17,vehicle_only,15,1.095900058746338,1.065730333328247,validation,True,0,0.40778183937072754,36864
17,vehicle_only,16,1.0664958953857422,1.0399255752563477,validation,True,0,0.3884095847606659,36864
17,vehicle_only,17,1.0374300479888916,1.0146851539611816,validation,True,0,0.37365710735321045,36864
17,vehicle_only,18,1.010583519935608,0.9891356229782104,validation,True,0,0.3573641777038574,36864
17,vehicle_only,19,0.9862139821052551,0.9631131291389465,validation,True,0,0.3500971496105194,36864
17,vehicle_only,20,0.9601757526397705,0.9372232556343079,validation,True,0,0.33853811025619507,36864
17,vehicle_only,21,0.9343987703323364,0.9126777648925781,validation,True,0,0.32431742548942566,36864
17,vehicle_only,22,0.9099719524383545,0.890475332736969,validation,True,0,0.3141869008541107,36864
17,vehicle_only,23,0.8873134255409241,0.8709837198257446,validation,True,0,0.2996585965156555,36864
17,vehicle_only,24,0.8680567741394043,0.853640615940094,validation,True,0,0.2942015528678894,36864
17,vehicle_only,25,0.848581075668335,0.8373934030532837,validation,True,0,0.28296616673469543,36864
17,vehicle_only,26,0.8316308856010437,0.8213495016098022,validation,True,0,0.28021541237831116,36864
17,vehicle_only,27,0.8163395524024963,0.8050017356872559,validation,True,0,0.2702087461948395,36864
17,vehicle_only,28,0.7975295782089233,0.7890504002571106,validation,True,0,0.25482919812202454,36864
17,vehicle_only,29,0.7820520401000977,0.7743150591850281,validation,True,0,0.2433559000492096,36864
17,vehicle_only,30,0.7683749794960022,0.7619258165359497,validation,True,0,0.2375394105911255,36864
17,vehicle_only,31,0.753179669380188,0.7516051530838013,validation,True,0,0.21540004014968872,36864
17,vehicle_only,32,0.7384340167045593,0.7422028183937073,validation,True,0,0.20487675070762634,36864
17,vehicle_only,33,0.7283633947372437,0.7329200506210327,validation,True,0,0.198642760515213,36864
17,vehicle_only,34,0.7156332731246948,0.724513053894043,validation,True,0,0.18353508412837982,36864
17,vehicle_only,35,0.7027701735496521,0.7174155116081238,validation,True,0,0.16946132481098175,36864
17,vehicle_only,36,0.6954870223999023,0.7121269106864929,validation,True,0,0.18392698466777802,36864
17,vehicle_only,37,0.686011552810669,0.7071699500083923,validation,True,0,0.16154257953166962,36864
17,vehicle_only,38,0.6766727566719055,0.7015327215194702,validation,True,0,0.15436725318431854,36864
17,vehicle_only,39,0.6681732535362244,0.6948893070220947,validation,True,0,0.1573605239391327,36864
17,vehicle_only,40,0.6623070240020752,0.6884974241256714,validation,True,0,0.14865946769714355,36864
17,naive_time_sync,1,2.579989194869995,2.1766762733459473,validation,True,0,9.398642539978027,36864
17,naive_time_sync,2,2.122070789337158,1.8450740575790405,validation,True,0,6.804500579833984,36864
17,naive_time_sync,3,1.8359647989273071,1.642249345779419,validation,True,0,4.921059608459473,36864
17,naive_time_sync,4,1.6559022665023804,1.4935871362686157,validation,True,0,4.1067070960998535,36864
17,naive_time_sync,5,1.5216013193130493,1.3733642101287842,validation,True,0,3.653517961502075,36864
17,naive_time_sync,6,1.41342031955719,1.2757387161254883,validation,True,0,3.0790278911590576,36864
17,naive_time_sync,7,1.3185569047927856,1.2048476934432983,validation,True,0,2.2802443504333496,36864
17,naive_time_sync,8,1.240098476409912,1.152132272720337,validation,True,0,1.6630090475082397,36864
17,naive_time_sync,9,1.1802949905395508,1.0993584394454956,validation,True,0,1.7229588031768799,36864
17,naive_time_sync,10,1.1290408372879028,1.046723484992981,validation,True,0,1.6639291048049927,36864
17,naive_time_sync,11,1.0745608806610107,1.0023828744888306,validation,True,0,1.303261637687683,36864
17,naive_time_sync,12,1.0323467254638672,0.9643934369087219,validation,True,0,1.168395757675171,36864
17,naive_time_sync,13,0.9891396760940552,0.9266329407691956,validation,True,0,1.1567193269729614,36864
17,naive_time_sync,14,0.9557310938835144,0.8897788524627686,validation,True,0,1.0492136478424072,36864
17,naive_time_sync,15,0.9198886156082153,0.857438325881958,validation,True,0,0.9187623858451843,36864
17,naive_time_sync,16,0.8945319652557373,0.828828752040863,validation,True,0,0.9912827610969543,36864
17,naive_time_sync,17,0.8623052835464478,0.8052226305007935,validation,True,0,0.9491268396377563,36864
17,naive_time_sync,18,0.8439105153083801,0.7900401949882507,validation,True,0,0.7584568858146667,36864
17,naive_time_sync,19,0.8202006220817566,0.7773087620735168,validation,True,0,0.7520239949226379,36864
17,naive_time_sync,20,0.7974153757095337,0.7627217769622803,validation,True,0,0.7799000144004822,36864
17,naive_time_sync,21,0.7815485000610352,0.7502831816673279,validation,True,0,0.584841251373291,36864
17,naive_time_sync,22,0.764213502407074,0.739525318145752,validation,True,0,0.7182179689407349,36864
17,naive_time_sync,23,0.7414854168891907,0.7283294200897217,validation,True,0,0.6752578616142273,36864
17,naive_time_sync,24,0.728259265422821,0.7171857357025146,validation,True,0,0.5054015517234802,36864
17,naive_time_sync,25,0.714134931564331,0.7047157883644104,validation,True,0,0.5062033534049988,36864
17,naive_time_sync,26,0.7061562538146973,0.6928219199180603,validation,True,0,0.48220184445381165,36864
17,naive_time_sync,27,0.6902843117713928,0.6848157644271851,validation,True,0,0.43538376688957214,36864
17,naive_time_sync,28,0.6770594120025635,0.6790538430213928,validation,True,0,0.43236082792282104,36864
17,naive_time_sync,29,0.6710641980171204,0.6755964756011963,validation,True,0,0.3923032581806183,36864
17,naive_time_sync,30,0.6605328917503357,0.6734547019004822,validation,True,0,0.3542330861091614,36864
17,naive_time_sync,31,0.6536970734596252,0.6697449088096619,validation,True,0,0.3728843331336975,36864
17,naive_time_sync,32,0.6420639157295227,0.6638720631599426,validation,True,0,0.3520472049713135,36864
17,naive_time_sync,33,0.6363441348075867,0.6577845215797424,validation,True,0,0.349399209022522,36864
17,naive_time_sync,34,0.6290567517280579,0.6520354151725769,validation,True,0,0.40441465377807617,36864
17,naive_time_sync,35,0.621652364730835,0.6472243070602417,validation,True,0,0.2974005937576294,36864
17,naive_time_sync,36,0.6189484596252441,0.6406221985816956,validation,True,0,0.4243321418762207,36864
17,naive_time_sync,37,0.6088922023773193,0.6343763470649719,validation,True,0,0.44812798500061035,36864
17,naive_time_sync,38,0.6080966591835022,0.6320899724960327,validation,True,0,0.3248574733734131,36864
17,naive_time_sync,39,0.5974083542823792,0.6303369402885437,validation,True,0,0.41817688941955566,36864
17,naive_time_sync,40,0.5916928648948669,0.6274142861366272,validation,True,0,0.4583841860294342,36864
17,mult,1,1.8758447170257568,1.693375587463379,validation,True,0,2.3290534019470215,36864
17,mult,2,1.6890395879745483,1.597482442855835,validation,True,0,1.5356305837631226,36864
17,mult,3,1.5826867818832397,1.5447407960891724,validation,True,0,0.9816206693649292,36864
17,mult,4,1.5236185789108276,1.4837532043457031,validation,True,0,1.1178594827651978,36864
17,mult,5,1.4629660844802856,1.4118258953094482,validation,True,0,1.1820093393325806,36864
17,mult,6,1.398190975189209,1.3444170951843262,validation,True,0,0.9593654870986938,36864
17,mult,7,1.3350791931152344,1.288184404373169,validation,True,0,0.7768642902374268,36864
17,mult,8,1.2815992832183838,1.2387522459030151,validation,True,0,0.80719393491745,36864
17,mult,9,1.23275887966156,1.1911708116531372,validation,True,0,0.8818718791007996,36864
17,mult,10,1.1832399368286133,1.1429425477981567,validation,True,0,0.9111478328704834,36864
17,mult,11,1.1351656913757324,1.0950027704238892,validation,True,0,0.8623619079589844,36864
17,mult,12,1.0831137895584106,1.0505882501602173,validation,True,0,0.7238008379936218,36864
17,mult,13,1.0378302335739136,1.0109446048736572,validation,True,0,0.613441526889801,36864
17,mult,14,0.9958919882774353,0.9744874238967896,validation,True,0,0.6102470755577087,36864
17,mult,15,0.9587149024009705,0.9396334886550903,validation,True,0,0.6433325409889221,36864
17,mult,16,0.9233723878860474,0.9075467586517334,validation,True,0,0.6140353679656982,36864
17,mult,17,0.8929564952850342,0.8799117803573608,validation,True,0,0.5453413724899292,36864
17,mult,18,0.8603335022926331,0.8561508059501648,validation,True,0,0.5229672789573669,36864
17,mult,19,0.8367886543273926,0.8342385292053223,validation,True,0,0.5357747673988342,36864
17,mult,20,0.8140904903411865,0.8131393790245056,validation,True,0,0.5197543501853943,36864
17,mult,21,0.7910162806510925,0.7940501570701599,validation,True,0,0.41244053840637207,36864
17,mult,22,0.7686235904693604,0.7768285274505615,validation,True,0,0.36494776606559753,36864
17,mult,23,0.7514604926109314,0.7607074975967407,validation,True,0,0.3806191682815552,36864
17,mult,24,0.7353502511978149,0.7456186413764954,validation,True,0,0.37160319089889526,36864
17,mult,25,0.7213113307952881,0.7323247194290161,validation,True,0,0.32515156269073486,36864
17,mult,26,0.7071661949157715,0.72144615650177,validation,True,0,0.29695558547973633,36864
17,mult,27,0.6957294344902039,0.7122077345848083,validation,True,0,0.292586088180542,36864
17,mult,28,0.6837848424911499,0.7035212516784668,validation,True,0,0.29713794589042664,36864
17,mult,29,0.6744658946990967,0.6946796774864197,validation,True,0,0.27452319860458374,36864
17,mult,30,0.6642798185348511,0.6858500242233276,validation,True,0,0.24858275055885315,36864
17,mult,31,0.6536399126052856,0.6774201989173889,validation,True,0,0.2319924533367157,36864
17,mult,32,0.647149384021759,0.6691130995750427,validation,True,0,0.21577754616737366,36864
17,mult,33,0.6398846507072449,0.6612119674682617,validation,True,0,0.2203003466129303,36864
17,mult,34,0.6288875341415405,0.6541882157325745,validation,True,0,0.19977042078971863,36864
17,mult,35,0.6217975616455078,0.6483737230300903,validation,True,0,0.18399812281131744,36864
17,mult,36,0.6191999912261963,0.6433526277542114,validation,True,0,0.1964786946773529,36864
17,mult,37,0.6112265586853027,0.6391047239303589,validation,True,0,0.18222545087337494,36864
17,mult,38,0.6072525978088379,0.6357408165931702,validation,True,0,0.1769438087940216,36864
17,mult,39,0.5956039428710938,0.6325317621231079,validation,True,0,0.1717740148305893,36864
17,mult,40,0.5955535769462585,0.6292514204978943,validation,True,0,0.17736035585403442,36864
17,contiformer,1,1.7710920572280884,1.622401237487793,validation,True,0,2.2008445262908936,36864
17,contiformer,2,1.6058087348937988,1.5417566299438477,validation,True,0,1.0739284753799438,36864
17,contiformer,3,1.5357623100280762,1.506191611289978,validation,True,0,0.6932162642478943,36864
17,contiformer,4,1.5016980171203613,1.4605193138122559,validation,True,0,1.083192229270935,36864
17,contiformer,5,1.4529203176498413,1.408748984336853,validation,True,0,1.037858247756958,36864
17,contiformer,6,1.3965096473693848,1.3634170293807983,validation,True,0,0.7810101509094238,36864
17,contiformer,7,1.3457082509994507,1.3259716033935547,validation,True,0,0.6381003260612488,36864
17,contiformer,8,1.3022419214248657,1.2922040224075317,validation,True,0,0.6649959683418274,36864
17,contiformer,9,1.2613354921340942,1.2576156854629517,validation,True,0,0.7411937117576599,36864
17,contiformer,10,1.2184795141220093,1.219817042350769,validation,True,0,0.7853705883026123,36864
17,contiformer,11,1.1780339479446411,1.1800436973571777,validation,True,0,0.7614760398864746,36864
17,contiformer,12,1.133272647857666,1.142609715461731,validation,True,0,0.6567685604095459,36864
17,contiformer,13,1.0935547351837158,1.1109528541564941,validation,True,0,0.5514804124832153,36864
17,contiformer,14,1.0629665851593018,1.0846067667007446,validation,True,0,0.5512568950653076,36864
17,contiformer,15,1.0320003032684326,1.0615993738174438,validation,True,0,0.6030226945877075,36864
17,contiformer,16,1.002864122390747,1.042130708694458,validation,True,0,0.5849848389625549,36864
17,contiformer,17,0.9747419357299805,1.026833176612854,validation,True,0,0.49886584281921387,36864
17,contiformer,18,0.9515613913536072,1.0135396718978882,validation,True,0,0.4603009819984436,36864
17,contiformer,19,0.929702877998352,0.9976364970207214,validation,True,0,0.5173998475074768,36864
17,contiformer,20,0.9065794348716736,0.9770700931549072,validation,True,0,0.552165150642395,36864
17,contiformer,21,0.8825010061264038,0.9549277424812317,validation,True,0,0.4947616159915924,36864
17,contiformer,22,0.8602237701416016,0.93426913022995,validation,True,0,0.43460631370544434,36864
17,contiformer,23,0.8355490565299988,0.9150155782699585,validation,True,0,0.43153226375579834,36864
17,contiformer,24,0.8183128833770752,0.8956345319747925,validation,True,0,0.4656834304332733,36864
17,contiformer,25,0.7970888018608093,0.8764882683753967,validation,True,0,0.39874425530433655,36864
17,contiformer,26,0.7785864472389221,0.8577937483787537,validation,True,0,0.3234219253063202,36864
17,contiformer,27,0.759213924407959,0.8383879661560059,validation,True,0,0.3543812930583954,36864
17,contiformer,28,0.7414606213569641,0.8169968128204346,validation,True,0,0.41969066858291626,36864
17,contiformer,29,0.727859377861023,0.7966110706329346,validation,True,0,0.3643723428249359,36864
17,contiformer,30,0.7101951241493225,0.7796106934547424,validation,True,0,0.2969970107078552,36864
17,contiformer,31,0.6975274085998535,0.7650784850120544,validation,True,0,0.30495133996009827,36864
17,contiformer,32,0.6825493574142456,0.7513076663017273,validation,True,0,0.33798348903656006,36864
17,contiformer,33,0.6741642355918884,0.7391117811203003,validation,True,0,0.286643385887146,36864
17,contiformer,34,0.6612060070037842,0.7288779020309448,validation,True,0,0.22485759854316711,36864
17,contiformer,35,0.6497766971588135,0.7196598649024963,validation,True,0,0.26516395807266235,36864
17,contiformer,36,0.6468580961227417,0.7102962136268616,validation,True,0,0.2781333923339844,36864
17,contiformer,37,0.6352567672729492,0.700298011302948,validation,True,0,0.23976583778858185,36864
17,contiformer,38,0.6303375959396362,0.6918895244598389,validation,True,0,0.19896432757377625,36864
17,contiformer,39,0.6235318183898926,0.684800386428833,validation,True,0,0.2504350543022156,36864
17,contiformer,40,0.6147971153259277,0.6789261102676392,validation,True,0,0.23031771183013916,36864
17,chronaris,1,2.168801784515381,1.7816758155822754,validation,True,0,10.427011489868164,36864
17,chronaris,2,1.7649941444396973,1.7061495780944824,validation,True,0,4.519913673400879,36864
17,chronaris,3,1.6584547758102417,1.680906057357788,validation,True,0,2.6303014755249023,36864
17,chronaris,4,1.6173248291015625,1.6251118183135986,validation,True,0,2.311110734939575,36864
17,chronaris,5,1.5698764324188232,1.5599786043167114,validation,True,0,2.213709831237793,36864
17,chronaris,6,1.5216379165649414,1.519576907157898,validation,True,0,1.8588407039642334,36864
17,chronaris,7,1.4914817810058594,1.502231240272522,validation,True,0,2.0823092460632324,36864
17,chronaris,8,1.4690563678741455,1.4989806413650513,validation,True,0,1.9255341291427612,36864
17,chronaris,9,1.4487648010253906,1.492812991142273,validation,True,0,1.7211427688598633,36864
17,chronaris,10,1.4193555116653442,1.4766607284545898,validation,True,0,1.512092113494873,36864
17,chronaris,11,1.3947947025299072,1.4608688354492188,validation,True,0,0.8663614392280579,36864
17,chronaris,12,1.374876618385315,1.445490837097168,validation,True,0,0.9748650193214417,36864
17,chronaris,13,1.358931541442871,1.4242560863494873,validation,True,0,1.288478970527649,36864
17,chronaris,14,1.3377156257629395,1.4046920537948608,validation,True,0,1.0440517663955688,36864
17,chronaris,15,1.3119335174560547,1.390066385269165,validation,True,0,0.587081253528595,36864
17,chronaris,16,1.2884868383407593,1.3670510053634644,validation,True,0,0.8553773760795593,36864
17,chronaris,17,1.2692131996154785,1.334326148033142,validation,True,0,0.9876867532730103,36864
17,chronaris,18,1.243739128112793,1.3040871620178223,validation,True,0,0.7767623066902161,36864
17,chronaris,19,1.221488118171692,1.282378911972046,validation,True,0,0.6417454481124878,36864
17,chronaris,20,1.197055459022522,1.2631803750991821,validation,True,0,0.6275792121887207,36864
17,chronaris,21,1.1775997877120972,1.2417800426483154,validation,True,0,0.696148157119751,36864
17,chronaris,22,1.154792070388794,1.2184383869171143,validation,True,0,0.7366448640823364,36864
17,chronaris,23,1.1269021034240723,1.194498896598816,validation,True,0,0.5364147424697876,36864
17,chronaris,24,1.1044681072235107,1.174086570739746,validation,True,0,0.49864721298217773,36864
17,chronaris,25,1.0831971168518066,1.1632115840911865,validation,True,0,0.7448452115058899,36864
17,chronaris,26,1.0641025304794312,1.1574206352233887,validation,True,0,0.5894777774810791,36864
17,chronaris,27,1.0429118871688843,1.1388518810272217,validation,True,0,0.5827476978302002,36864
17,chronaris,28,1.0238004922866821,1.1205061674118042,validation,True,0,0.5278452038764954,36864
17,chronaris,29,1.0093003511428833,1.110947847366333,validation,True,0,0.5970386862754822,36864
17,chronaris,30,0.9928885698318481,1.0968225002288818,validation,True,0,0.6131332516670227,36864
17,chronaris,31,0.9731359481811523,1.0848630666732788,validation,True,0,0.36311936378479004,36864
17,chronaris,32,0.95993572473526,1.0749338865280151,validation,True,0,0.6069594025611877,36864
17,chronaris,33,0.9450826644897461,1.0541918277740479,validation,True,0,0.5240201950073242,36864
17,chronaris,34,0.9321821928024292,1.0445079803466797,validation,True,0,0.4074709117412567,36864
17,chronaris,35,0.9155125021934509,1.0443013906478882,validation,True,0,0.4067372977733612,36864
17,chronaris,36,0.9078648686408997,1.0271812677383423,validation,True,0,0.5922021269798279,36864
17,chronaris,37,0.8963117599487305,1.0167994499206543,validation,True,0,0.36778637766838074,36864
17,chronaris,38,0.8886066675186157,1.013759732246399,validation,True,0,0.3878844976425171,36864
17,chronaris,39,0.8744891285896301,1.0064536333084106,validation,True,0,0.3405131995677948,36864
17,chronaris,40,0.8669759631156921,0.9934104084968567,validation,True,0,0.35822033882141113,36864
29,physiology_only,1,1.7272238731384277,1.6531577110290527,validation,True,0,1.9593830108642578,36864
29,physiology_only,2,1.6180208921432495,1.5758270025253296,validation,True,0,1.10394287109375,36864
29,physiology_only,3,1.5592200756072998,1.5287848711013794,validation,True,0,1.0089733600616455,36864
29,physiology_only,4,1.5151437520980835,1.5199763774871826,validation,True,0,0.6672768592834473,36864
29,physiology_only,5,1.491829514503479,1.5303901433944702,validation,False,1,0.4577963650226593,36864
29,physiology_only,6,1.4837069511413574,1.5348398685455322,validation,False,2,0.5795997381210327,36864
29,physiology_only,7,1.479372501373291,1.5291061401367188,validation,False,3,0.5935423374176025,36864
29,physiology_only,8,1.4730775356292725,1.5253134965896606,validation,False,4,0.3976503610610962,36864
29,physiology_only,9,1.467916488647461,1.5261790752410889,validation,False,5,0.3814986050128937,36864
29,physiology_only,10,1.4621684551239014,1.529223084449768,validation,False,6,0.4295061528682709,36864
29,vehicle_only,1,1.7113206386566162,1.6173630952835083,validation,True,0,0.7944378852844238,36864
29,vehicle_only,2,1.630448818206787,1.5547503232955933,validation,True,0,0.5970248579978943,36864
29,vehicle_only,3,1.5697230100631714,1.5030015707015991,validation,True,0,0.4841182827949524,36864
29,vehicle_only,4,1.5183278322219849,1.457054853439331,validation,True,0,0.4398353099822998,36864
29,vehicle_only,5,1.473649501800537,1.4136544466018677,validation,True,0,0.43812739849090576,36864
29,vehicle_only,6,1.4316182136535645,1.3710644245147705,validation,True,0,0.4576473832130432,36864
29,vehicle_only,7,1.3903825283050537,1.3287785053253174,validation,True,0,0.47604668140411377,36864
29,vehicle_only,8,1.3493880033493042,1.2868796586990356,validation,True,0,0.488226979970932,36864
29,vehicle_only,9,1.3092297315597534,1.2457125186920166,validation,True,0,0.49430784583091736,36864
29,vehicle_only,10,1.268314003944397,1.205726981163025,validation,True,0,0.4944959580898285,36864
29,vehicle_only,11,1.231651782989502,1.1673638820648193,validation,True,0,0.48602887988090515,36864
29,vehicle_only,12,1.1926014423370361,1.1314500570297241,validation,True,0,0.46961525082588196,36864
29,vehicle_only,13,1.1571651697158813,1.0987316370010376,validation,True,0,0.441850483417511,36864
29,vehicle_only,14,1.1218377351760864,1.0695016384124756,validation,True,0,0.4128316640853882,36864
29,vehicle_only,15,1.0904040336608887,1.0431333780288696,validation,True,0,0.3984873592853546,36864
29,vehicle_only,16,1.0623875856399536,1.0184470415115356,validation,True,0,0.40210503339767456,36864
29,vehicle_only,17,1.0342663526535034,0.9949263334274292,validation,True,0,0.40794065594673157,36864
29,vehicle_only,18,1.0085455179214478,0.9722387790679932,validation,True,0,0.400409072637558,36864
29,vehicle_only,19,0.978931188583374,0.950844943523407,validation,True,0,0.38004034757614136,36864
29,vehicle_only,20,0.9558013081550598,0.9311176538467407,validation,True,0,0.35809242725372314,36864
29,vehicle_only,21,0.931494951248169,0.9134731888771057,validation,True,0,0.3365674316883087,36864
29,vehicle_only,22,0.9072104692459106,0.8971740007400513,validation,True,0,0.3245501220226288,36864
29,vehicle_only,23,0.8843419551849365,0.8807774782180786,validation,True,0,0.3320232927799225,36864
29,vehicle_only,24,0.8650094866752625,0.8648027181625366,validation,True,0,0.32015541195869446,36864
29,vehicle_only,25,0.8476226925849915,0.8495171070098877,validation,True,0,0.30134251713752747,36864
29,vehicle_only,26,0.8292396068572998,0.8359673023223877,validation,True,0,0.2850572168827057,36864
29,vehicle_only,27,0.8115502595901489,0.8235717415809631,validation,True,0,0.2747044265270233,36864
29,vehicle_only,28,0.7966420650482178,0.8119910359382629,validation,True,0,0.27539965510368347,36864
29,vehicle_only,29,0.7808892726898193,0.800829291343689,validation,True,0,0.27922675013542175,36864
29,vehicle_only,30,0.7678318023681641,0.7896429896354675,validation,True,0,0.26203498244285583,36864
29,vehicle_only,31,0.7533391714096069,0.7787995934486389,validation,True,0,0.234745055437088,36864
29,vehicle_only,32,0.7423496246337891,0.7689827084541321,validation,True,0,0.219051331281662,36864
29,vehicle_only,33,0.7267947196960449,0.7591977119445801,validation,True,0,0.20062385499477386,36864
29,vehicle_only,34,0.7164790630340576,0.749666690826416,validation,True,0,0.19660580158233643,36864
29,vehicle_only,35,0.7045458555221558,0.7398870587348938,validation,True,0,0.19212459027767181,36864
29,vehicle_only,36,0.6935067176818848,0.7302560806274414,validation,True,0,0.1789577603340149,36864
29,vehicle_only,37,0.6887458562850952,0.7216570973396301,validation,True,0,0.16431985795497894,36864
29,vehicle_only,38,0.6769990921020508,0.7144296169281006,validation,True,0,0.18800075352191925,36864
29,vehicle_only,39,0.6708279848098755,0.708498477935791,validation,True,0,0.17207960784435272,36864
29,vehicle_only,40,0.6668363213539124,0.7020682692527771,validation,True,0,0.15426583588123322,36864
29,naive_time_sync,1,2.767808198928833,2.5024573802948,validation,True,0,9.526371955871582,36864
29,naive_time_sync,2,2.320908308029175,2.1474223136901855,validation,True,0,7.41485595703125,36864
29,naive_time_sync,3,2.0202884674072266,1.897958755493164,validation,True,0,6.366710662841797,36864
29,naive_time_sync,4,1.806099534034729,1.6835416555404663,validation,True,0,5.904487133026123,36864
29,naive_time_sync,5,1.6184358596801758,1.4972704648971558,validation,True,0,5.088138580322266,36864
29,naive_time_sync,6,1.4678943157196045,1.35954749584198,validation,True,0,3.808058500289917,36864
29,naive_time_sync,7,1.354724645614624,1.274775505065918,validation,True,0,2.4662864208221436,36864
29,naive_time_sync,8,1.2804194688796997,1.2154006958007812,validation,True,0,1.9525920152664185,36864
29,naive_time_sync,9,1.2186905145645142,1.1577662229537964,validation,True,0,2.055018424987793,36864
29,naive_time_sync,10,1.1570048332214355,1.0971039533615112,validation,True,0,1.9141008853912354,36864
29,naive_time_sync,11,1.1083616018295288,1.0366392135620117,validation,True,0,1.6717945337295532,36864
29,naive_time_sync,12,1.0542362928390503,0.9814167618751526,validation,True,0,1.3642011880874634,36864
29,naive_time_sync,13,1.0079345703125,0.937431275844574,validation,True,0,1.1051721572875977,36864
29,naive_time_sync,14,0.9714457392692566,0.9001285433769226,validation,True,0,1.188994288444519,36864
29,naive_time_sync,15,0.9398137331008911,0.8656213283538818,validation,True,0,1.2962617874145508,36864
29,naive_time_sync,16,0.9030371904373169,0.8370867967605591,validation,True,0,1.1024693250656128,36864
29,naive_time_sync,17,0.870304524898529,0.8126348257064819,validation,True,0,0.9099685549736023,36864
29,naive_time_sync,18,0.8433719873428345,0.7903077602386475,validation,True,0,0.7881802320480347,36864
29,naive_time_sync,19,0.8165018558502197,0.7709754109382629,validation,True,0,0.7340356111526489,36864
29,naive_time_sync,20,0.793357789516449,0.752373456954956,validation,True,0,0.795074462890625,36864
29,naive_time_sync,21,0.7728333473205566,0.7336766719818115,validation,True,0,0.732754647731781,36864
29,naive_time_sync,22,0.7493516802787781,0.7170621752738953,validation,True,0,0.5931292772293091,36864
29,naive_time_sync,23,0.7308784127235413,0.7025247812271118,validation,True,0,0.6219764947891235,36864
29,naive_time_sync,24,0.7179046273231506,0.6904132962226868,validation,True,0,0.6687725186347961,36864
29,naive_time_sync,25,0.7009074687957764,0.6823816895484924,validation,True,0,0.5517967343330383,36864
29,naive_time_sync,26,0.6869297623634338,0.6757013201713562,validation,True,0,0.5325059294700623,36864
29,naive_time_sync,27,0.677068829536438,0.6690210103988647,validation,True,0,0.48161420226097107,36864
29,naive_time_sync,28,0.6670337915420532,0.6640320420265198,validation,True,0,0.4098353683948517,36864
29,naive_time_sync,29,0.6533235311508179,0.6567935347557068,validation,True,0,0.5162824392318726,36864
29,naive_time_sync,30,0.6442863941192627,0.6492816209793091,validation,True,0,0.4003713130950928,36864
29,naive_time_sync,31,0.6330573558807373,0.6407610774040222,validation,True,0,0.3753308057785034,36864
29,naive_time_sync,32,0.623967170715332,0.6335964202880859,validation,True,0,0.4662329852581024,36864
29,naive_time_sync,33,0.620978832244873,0.6294142603874207,validation,True,0,0.42511212825775146,36864
29,naive_time_sync,34,0.6120284795761108,0.6243083477020264,validation,True,0,0.46996504068374634,36864
29,naive_time_sync,35,0.6079293489456177,0.6161448359489441,validation,True,0,0.5644843578338623,36864
29,naive_time_sync,36,0.5960234999656677,0.6137924790382385,validation,True,0,0.34206685423851013,36864
29,naive_time_sync,37,0.5908774733543396,0.6136988997459412,validation,True,0,0.45508429408073425,36864
29,naive_time_sync,38,0.5834605693817139,0.6122763752937317,validation,True,0,0.452911376953125,36864
29,naive_time_sync,39,0.578283429145813,0.6095109581947327,validation,True,0,0.30349910259246826,36864
29,naive_time_sync,40,0.5767682790756226,0.6044682860374451,validation,True,0,0.3850024342536926,36864
29,mult,1,1.8750215768814087,1.6320914030075073,validation,True,0,2.4826273918151855,36864
29,mult,2,1.657448172569275,1.5154656171798706,validation,True,0,1.4953529834747314,36864
29,mult,3,1.5362069606781006,1.4269726276397705,validation,True,0,1.341515302658081,36864
29,mult,4,1.4416381120681763,1.3454099893569946,validation,True,0,1.3373321294784546,36864
29,mult,5,1.3536796569824219,1.2782987356185913,validation,True,0,1.026773452758789,36864
29,mult,6,1.279514193534851,1.2249008417129517,validation,True,0,0.7941408157348633,36864
29,mult,7,1.2214876413345337,1.177353858947754,validation,True,0,0.7972948551177979,36864
29,mult,8,1.1700173616409302,1.1302430629730225,validation,True,0,0.8548024892807007,36864
29,mult,9,1.122896432876587,1.0858218669891357,validation,True,0,0.7860848307609558,36864
29,mult,10,1.0728850364685059,1.0468124151229858,validation,True,0,0.6293442249298096,36864
29,mult,11,1.0337682962417603,1.0090161561965942,validation,True,0,0.6461581587791443,36864
29,mult,12,0.9984519481658936,0.969385027885437,validation,True,0,0.6977296471595764,36864
29,mult,13,0.9557002186775208,0.9307363033294678,validation,True,0,0.6229804158210754,36864
29,mult,14,0.9223409295082092,0.8959519267082214,validation,True,0,0.536611020565033,36864
29,mult,15,0.887542188167572,0.8651158809661865,validation,True,0,0.5315497517585754,36864
29,mult,16,0.8598366975784302,0.8369784951210022,validation,True,0,0.530863344669342,36864
29,mult,17,0.8278049826622009,0.8114871978759766,validation,True,0,0.4822607934474945,36864
29,mult,18,0.804741382598877,0.7893209457397461,validation,True,0,0.4111676514148712,36864
29,mult,19,0.7814602851867676,0.7699296474456787,validation,True,0,0.39894282817840576,36864
29,mult,20,0.7608487010002136,0.7526102662086487,validation,True,0,0.405633807182312,36864
29,mult,21,0.7431941628456116,0.7373694777488708,validation,True,0,0.38239848613739014,36864
29,mult,22,0.7236594557762146,0.7249216437339783,validation,True,0,0.32045912742614746,36864
29,mult,23,0.709331750869751,0.7138849496841431,validation,True,0,0.30164316296577454,36864
29,mult,24,0.695364236831665,0.7032573223114014,validation,True,0,0.3024745285511017,36864
29,mult,25,0.683449923992157,0.6929633617401123,validation,True,0,0.28175434470176697,36864
29,mult,26,0.6715651750564575,0.6839584708213806,validation,True,0,0.2629586458206177,36864
29,mult,27,0.6638011932373047,0.6765323877334595,validation,True,0,0.26310595870018005,36864
29,mult,28,0.6513493657112122,0.6695905923843384,validation,True,0,0.2365497648715973,36864
29,mult,29,0.6466261148452759,0.6623238921165466,validation,True,0,0.2479630708694458,36864
29,mult,30,0.6372807025909424,0.6547133922576904,validation,True,0,0.2379438728094101,36864
29,mult,31,0.6290671825408936,0.6476840972900391,validation,True,0,0.20401112735271454,36864
29,mult,32,0.6232874989509583,0.6420987844467163,validation,True,0,0.20847290754318237,36864
29,mult,33,0.6160371899604797,0.6377984285354614,validation,True,0,0.19787412881851196,36864
29,mult,34,0.6083911657333374,0.6346592903137207,validation,True,0,0.20945322513580322,36864
29,mult,35,0.6063288450241089,0.6300435066223145,validation,True,0,0.20978020131587982,36864
29,mult,36,0.59999680519104,0.6246461272239685,validation,True,0,0.1845971643924713,36864
29,mult,37,0.5922890901565552,0.6203594207763672,validation,True,0,0.14497582614421844,36864
29,mult,38,0.5905348658561707,0.6174065470695496,validation,True,0,0.15849857032299042,36864
29,mult,39,0.5840823650360107,0.6154757142066956,validation,True,0,0.17336952686309814,36864
29,mult,40,0.5810422301292419,0.6139382719993591,validation,True,0,0.1405208259820938,36864
29,contiformer,1,1.849560022354126,1.7038369178771973,validation,True,0,1.8052877187728882,36864
29,contiformer,2,1.673721432685852,1.569698691368103,validation,True,0,1.3158105611801147,36864
29,contiformer,3,1.5442626476287842,1.465744972229004,validation,True,0,1.048508644104004,36864
29,contiformer,4,1.4429924488067627,1.3776063919067383,validation,True,0,0.9350648522377014,36864
29,contiformer,5,1.355855941772461,1.2993574142456055,validation,True,0,0.8704763650894165,36864
29,contiformer,6,1.278968334197998,1.229736566543579,validation,True,0,0.8130517601966858,36864
29,contiformer,7,1.2100725173950195,1.1684908866882324,validation,True,0,0.7620781660079956,36864
29,contiformer,8,1.1485724449157715,1.1144076585769653,validation,True,0,0.7293285727500916,36864
29,contiformer,9,1.0953072309494019,1.0653536319732666,validation,True,0,0.7110388278961182,36864
29,contiformer,10,1.0452277660369873,1.0202332735061646,validation,True,0,0.6861951351165771,36864
29,contiformer,11,0.9989723563194275,0.9796746373176575,validation,True,0,0.6320397853851318,36864
29,contiformer,12,0.9548825025558472,0.9437210559844971,validation,True,0,0.5893505215644836,36864
29,contiformer,13,0.9150750637054443,0.910948634147644,validation,True,0,0.5857326984405518,36864
29,contiformer,14,0.8782142400741577,0.880825936794281,validation,True,0,0.5667257905006409,36864
29,contiformer,15,0.8434199690818787,0.8546448945999146,validation,True,0,0.504511833190918,36864
29,contiformer,16,0.8113177418708801,0.8326393961906433,validation,True,0,0.4522216320037842,36864
29,contiformer,17,0.7829273343086243,0.813705563545227,validation,True,0,0.4514051675796509,36864
29,contiformer,18,0.7571170926094055,0.7972968220710754,validation,True,0,0.44579482078552246,36864
29,contiformer,19,0.734490692615509,0.7837281227111816,validation,True,0,0.39835599064826965,36864
29,contiformer,20,0.7140510082244873,0.7725356221199036,validation,True,0,0.354167640209198,36864
29,contiformer,21,0.6984981894493103,0.7623305916786194,validation,True,0,0.370522141456604,36864
29,contiformer,22,0.6794655323028564,0.7533144950866699,validation,True,0,0.3433540463447571,36864
29,contiformer,23,0.6634535193443298,0.7456096410751343,validation,True,0,0.2833423614501953,36864
29,contiformer,24,0.6523239016532898,0.7379860281944275,validation,True,0,0.2872565686702728,36864
29,contiformer,25,0.6422140598297119,0.7288848757743835,validation,True,0,0.30313733220100403,36864
29,contiformer,26,0.6327669024467468,0.7189059853553772,validation,True,0,0.2589274048805237,36864
29,contiformer,27,0.6228041052818298,0.7087544798851013,validation,True,0,0.22919441759586334,36864
29,contiformer,28,0.6083972454071045,0.6985524892807007,validation,True,0,0.23892036080360413,36864
29,contiformer,29,0.601923942565918,0.6894680261611938,validation,True,0,0.23481522500514984,36864
29,contiformer,30,0.5946573615074158,0.6821601986885071,validation,True,0,0.19772957265377045,36864
29,contiformer,31,0.586984395980835,0.6754482984542847,validation,True,0,0.21710093319416046,36864
29,contiformer,32,0.5821211338043213,0.6688354015350342,validation,True,0,0.19234439730644226,36864
29,contiformer,33,0.5753665566444397,0.6620149612426758,validation,True,0,0.1776626706123352,36864
29,contiformer,34,0.5683004856109619,0.6555569767951965,validation,True,0,0.19883441925048828,36864
29,contiformer,35,0.5644954442977905,0.6492477655410767,validation,True,0,0.1846311241388321,36864
29,contiformer,36,0.5574513673782349,0.6429628729820251,validation,True,0,0.14604663848876953,36864
29,contiformer,37,0.553486168384552,0.6368439793586731,validation,True,0,0.15635058283805847,36864
29,contiformer,38,0.5458412766456604,0.6312695145606995,validation,True,0,0.1588311791419983,36864
29,contiformer,39,0.5424797534942627,0.6266200542449951,validation,True,0,0.1461656540632248,36864
29,contiformer,40,0.5402710437774658,0.622348427772522,validation,True,0,0.1348932981491089,36864
29,chronaris,1,2.04339599609375,1.845497965812683,validation,True,0,5.81898307800293,36864
29,chronaris,2,1.7472248077392578,1.6427013874053955,validation,True,0,3.7609188556671143,36864
29,chronaris,3,1.6112219095230103,1.5966299772262573,validation,True,0,1.2258307933807373,36864
29,chronaris,4,1.593436360359192,1.568303108215332,validation,True,0,2.6897058486938477,36864
29,chronaris,5,1.5474649667739868,1.5389354228973389,validation,True,0,2.2757115364074707,36864
29,chronaris,6,1.491771936416626,1.5186419486999512,validation,True,0,1.409471035003662,36864
29,chronaris,7,1.4512972831726074,1.4959907531738281,validation,True,0,1.2247470617294312,36864
29,chronaris,8,1.4310773611068726,1.4687784910202026,validation,True,0,1.3407312631607056,36864
29,chronaris,9,1.4049718379974365,1.4397953748703003,validation,True,0,1.3696714639663696,36864
29,chronaris,10,1.375260591506958,1.4175934791564941,validation,True,0,1.0909602642059326,36864
29,chronaris,11,1.3472719192504883,1.3986722230911255,validation,True,0,0.6139461994171143,36864
29,chronaris,12,1.3283565044403076,1.3699395656585693,validation,True,0,1.0100762844085693,36864
29,chronaris,13,1.3041396141052246,1.3488725423812866,validation,True,0,1.0652166604995728,36864
29,chronaris,14,1.2775516510009766,1.3413811922073364,validation,True,0,0.9054891467094421,36864
29,chronaris,15,1.251715064048767,1.329763412475586,validation,True,0,0.6894694566726685,36864
29,chronaris,16,1.230902075767517,1.2962201833724976,validation,True,0,1.0998340845108032,36864
29,chronaris,17,1.2061829566955566,1.262890338897705,validation,True,0,0.7905963659286499,36864
29,chronaris,18,1.1891353130340576,1.2463237047195435,validation,True,0,0.6507265567779541,36864
29,chronaris,19,1.1646599769592285,1.2276744842529297,validation,True,0,0.7191161513328552,36864
29,chronaris,20,1.1461412906646729,1.200256109237671,validation,True,0,0.8300888538360596,36864
29,chronaris,21,1.1282414197921753,1.181533694267273,validation,True,0,0.5121630430221558,36864
29,chronaris,22,1.1057058572769165,1.1674360036849976,validation,True,0,0.5548660755157471,36864
29,chronaris,23,1.0861144065856934,1.1441824436187744,validation,True,0,0.8755032420158386,36864
29,chronaris,24,1.0696378946304321,1.1262586116790771,validation,True,0,0.5371100306510925,36864
29,chronaris,25,1.0554009675979614,1.118174433708191,validation,True,0,0.4922225773334503,36864
29,chronaris,26,1.041563868522644,1.1054641008377075,validation,True,0,0.6003571152687073,36864
29,chronaris,27,1.0255658626556396,1.0933305025100708,validation,True,0,0.5185304880142212,36864
29,chronaris,28,1.0084590911865234,1.0858572721481323,validation,True,0,0.3740028738975525,36864
29,chronaris,29,0.9954268932342529,1.075909972190857,validation,True,0,0.6851069927215576,36864
29,chronaris,30,0.983025848865509,1.0654016733169556,validation,True,0,0.5589659214019775,36864
29,chronaris,31,0.9699132442474365,1.0531688928604126,validation,True,0,0.4054696559906006,36864
29,chronaris,32,0.9597790837287903,1.0435456037521362,validation,True,0,0.5281325578689575,36864
29,chronaris,33,0.9451180696487427,1.0370566844940186,validation,True,0,0.4497937262058258,36864
29,chronaris,34,0.9328905940055847,1.0287971496582031,validation,True,0,0.31798630952835083,36864
29,chronaris,35,0.9281918406486511,1.018949031829834,validation,True,0,0.4669864773750305,36864
29,chronaris,36,0.9126074910163879,1.0147502422332764,validation,True,0,0.4330771863460541,36864
29,chronaris,37,0.89968341588974,1.0081064701080322,validation,True,0,0.2708089351654053,36864
29,chronaris,38,0.8900601267814636,0.9958975911140442,validation,True,0,0.4430735111236572,36864
29,chronaris,39,0.882320761680603,0.9928659796714783,validation,True,0,0.4641405940055847,36864
29,chronaris,40,0.8727940320968628,0.9892904758453369,validation,True,0,0.23718976974487305,36864
43,physiology_only,1,1.6394137144088745,1.5819660425186157,validation,True,0,1.1469736099243164,36864
43,physiology_only,2,1.5762273073196411,1.5437239408493042,validation,True,0,1.0285120010375977,36864
43,physiology_only,3,1.5280327796936035,1.5347017049789429,validation,True,0,0.7144043445587158,36864
43,physiology_only,4,1.5036741495132446,1.5347071886062622,validation,False,1,0.5506463646888733,36864
43,physiology_only,5,1.4891397953033447,1.5314977169036865,validation,True,0,0.45974835753440857,36864
43,physiology_only,6,1.4844117164611816,1.524366855621338,validation,True,0,0.5146031379699707,36864
43,physiology_only,7,1.4786033630371094,1.5224082469940186,validation,True,0,0.38188308477401733,36864
43,physiology_only,8,1.4752215147018433,1.5245764255523682,validation,False,1,0.3742063343524933,36864
43,physiology_only,9,1.471301555633545,1.5240370035171509,validation,False,2,0.40888985991477966,36864
43,physiology_only,10,1.4644309282302856,1.5183472633361816,validation,True,0,0.37768831849098206,36864
43,physiology_only,11,1.4557017087936401,1.5114704370498657,validation,True,0,0.2732456624507904,36864
43,physiology_only,12,1.4502240419387817,1.5054244995117188,validation,True,0,0.28820663690567017,36864
43,physiology_only,13,1.4427549839019775,1.500207543373108,validation,True,0,0.3433685004711151,36864
43,physiology_only,14,1.4392406940460205,1.4959927797317505,validation,True,0,0.28961288928985596,36864
43,physiology_only,15,1.4324305057525635,1.492163896560669,validation,True,0,0.20346054434776306,36864
43,physiology_only,16,1.428775668144226,1.4880154132843018,validation,True,0,0.19046372175216675,36864
43,physiology_only,17,1.4261581897735596,1.4838625192642212,validation,True,0,0.23765212297439575,36864
43,physiology_only,18,1.4231306314468384,1.4813960790634155,validation,True,0,0.2785301208496094,36864
43,physiology_only,19,1.4203410148620605,1.4811973571777344,validation,True,0,0.2680682837963104,36864
43,physiology_only,20,1.4153673648834229,1.4832499027252197,validation,False,1,0.19991245865821838,36864
43,physiology_only,21,1.411850094795227,1.4852672815322876,validation,False,2,0.16483859717845917,36864
43,physiology_only,22,1.4100072383880615,1.4843233823776245,validation,False,3,0.1906142234802246,36864
43,physiology_only,23,1.4041407108306885,1.4806411266326904,validation,True,0,0.1762506514787674,36864
43,physiology_only,24,1.4045222997665405,1.4772517681121826,validation,True,0,0.15086738765239716,36864
43,physiology_only,25,1.4023009538650513,1.4755728244781494,validation,True,0,0.1709180772304535,36864
43,physiology_only,26,1.3997795581817627,1.4754129648208618,validation,True,0,0.1662234663963318,36864
43,physiology_only,27,1.3975332975387573,1.4748481512069702,validation,True,0,0.1412409096956253,36864
43,physiology_only,28,1.3923234939575195,1.472249984741211,validation,True,0,0.15933702886104584,36864
43,physiology_only,29,1.390952706336975,1.4692802429199219,validation,True,0,0.14522995054721832,36864
43,physiology_only,30,1.3874540328979492,1.4675943851470947,validation,True,0,0.13355083763599396,36864
43,physiology_only,31,1.3853565454483032,1.467780351638794,validation,False,1,0.14342619478702545,36864
43,physiology_only,32,1.3827807903289795,1.468372106552124,validation,False,2,0.13422740995883942,36864
43,physiology_only,33,1.3799408674240112,1.4680299758911133,validation,False,3,0.13085733354091644,36864
43,physiology_only,34,1.3779338598251343,1.4661650657653809,validation,True,0,0.13724017143249512,36864
43,physiology_only,35,1.3739737272262573,1.4642102718353271,validation,True,0,0.13145358860492706,36864
43,physiology_only,36,1.3730274438858032,1.4639661312103271,validation,True,0,0.12048132717609406,36864
43,physiology_only,37,1.3674226999282837,1.4653797149658203,validation,False,1,0.13267765939235687,36864
43,physiology_only,38,1.3661761283874512,1.4665095806121826,validation,False,2,0.11573164165019989,36864
43,physiology_only,39,1.3631614446640015,1.464648723602295,validation,False,3,0.1541047990322113,36864
43,physiology_only,40,1.3608464002609253,1.4618622064590454,validation,True,0,0.12511174380779266,36864
43,vehicle_only,1,1.6531507968902588,1.5678449869155884,validation,True,0,0.7031962275505066,36864
43,vehicle_only,2,1.5820071697235107,1.5142749547958374,validation,True,0,0.545603334903717,36864
43,vehicle_only,3,1.526714563369751,1.4666639566421509,validation,True,0,0.4869273602962494,36864
43,vehicle_only,4,1.4781429767608643,1.4209986925125122,validation,True,0,0.48589709401130676,36864
43,vehicle_only,5,1.429707646369934,1.3763493299484253,validation,True,0,0.5076979398727417,36864
43,vehicle_only,6,1.3826539516448975,1.3326586484909058,validation,True,0,0.5306140780448914,36864
43,vehicle_only,7,1.339133858680725,1.2893266677856445,validation,True,0,0.5527360439300537,36864
43,vehicle_only,8,1.2938674688339233,1.2458423376083374,validation,True,0,0.5708776116371155,36864
43,vehicle_only,9,1.2482482194900513,1.203081727027893,validation,True,0,0.5677632093429565,36864
43,vehicle_only,10,1.2054423093795776,1.1627826690673828,validation,True,0,0.5430453419685364,36864
43,vehicle_only,11,1.163115382194519,1.1259729862213135,validation,True,0,0.5141131281852722,36864
43,vehicle_only,12,1.1250814199447632,1.0918397903442383,validation,True,0,0.5087363123893738,36864
43,vehicle_only,13,1.0898048877716064,1.0594127178192139,validation,True,0,0.5112931728363037,36864
43,vehicle_only,14,1.055070400238037,1.0291095972061157,validation,True,0,0.49390172958374023,36864
43,vehicle_only,15,1.0180840492248535,1.0016340017318726,validation,True,0,0.45848318934440613,36864
43,vehicle_only,16,0.986926794052124,0.9762598872184753,validation,True,0,0.4497458338737488,36864
43,vehicle_only,17,0.9575474858283997,0.9513660669326782,validation,True,0,0.4638477563858032,36864
43,vehicle_only,18,0.9302158355712891,0.927059531211853,validation,True,0,0.44463786482810974,36864
43,vehicle_only,19,0.9041720628738403,0.9041959643363953,validation,True,0,0.4097212851047516,36864
43,vehicle_only,20,0.8785157799720764,0.8833146691322327,validation,True,0,0.389821857213974,36864
43,vehicle_only,21,0.8560312390327454,0.8642012476921082,validation,True,0,0.3760479688644409,36864
43,vehicle_only,22,0.8371723294258118,0.8469808101654053,validation,True,0,0.3520163595676422,36864
43,vehicle_only,23,0.8180574178695679,0.8322167992591858,validation,True,0,0.29554352164268494,36864
43,vehicle_only,24,0.8010039329528809,0.818987250328064,validation,True,0,0.2762364149093628,36864
43,vehicle_only,25,0.7868561744689941,0.8054105043411255,validation,True,0,0.3074968755245209,36864
43,vehicle_only,26,0.7740380764007568,0.7915669083595276,validation,True,0,0.29192057251930237,36864
43,vehicle_only,27,0.7605547904968262,0.7786887288093567,validation,True,0,0.24944652616977692,36864
43,vehicle_only,28,0.7466144561767578,0.7671627402305603,validation,True,0,0.2366490364074707,36864
43,vehicle_only,29,0.7382048964500427,0.7572545409202576,validation,True,0,0.21787723898887634,36864
43,vehicle_only,30,0.7247889041900635,0.7486727833747864,validation,True,0,0.19911076128482819,36864
43,vehicle_only,31,0.7180660367012024,0.7405781745910645,validation,True,0,0.218618243932724,36864
43,vehicle_only,32,0.7074863910675049,0.7323164939880371,validation,True,0,0.22848443686962128,36864
43,vehicle_only,33,0.6992496848106384,0.7247543334960938,validation,True,0,0.19726043939590454,36864
43,vehicle_only,34,0.6893398761749268,0.7183910608291626,validation,True,0,0.16358503699302673,36864
43,vehicle_only,35,0.6814651489257812,0.7130488753318787,validation,True,0,0.16651594638824463,36864
43,vehicle_only,36,0.6743457317352295,0.7077249884605408,validation,True,0,0.1531534343957901,36864
43,vehicle_only,37,0.6723554134368896,0.7016310095787048,validation,True,0,0.15906986594200134,36864
43,vehicle_only,38,0.6608376502990723,0.6945834755897522,validation,True,0,0.15932311117649078,36864
43,vehicle_only,39,0.6563612818717957,0.6873494386672974,validation,True,0,0.14666785299777985,36864
43,vehicle_only,40,0.6545072197914124,0.6807045340538025,validation,True,0,0.1440015584230423,36864
43,naive_time_sync,1,3.1021437644958496,2.8989477157592773,validation,True,0,10.390198707580566,36864
43,naive_time_sync,2,2.5822267532348633,2.4336729049682617,validation,True,0,8.652484893798828,36864
43,naive_time_sync,3,2.1928274631500244,2.0783023834228516,validation,True,0,6.914994716644287,36864
43,naive_time_sync,4,1.9194570779800415,1.802282452583313,validation,True,0,5.48046350479126,36864
43,naive_time_sync,5,1.711913824081421,1.5992517471313477,validation,True,0,4.318498611450195,36864
43,naive_time_sync,6,1.559390902519226,1.4617341756820679,validation,True,0,3.32816219329834,36864
43,naive_time_sync,7,1.4314411878585815,1.3636243343353271,validation,True,0,2.6080527305603027,36864
43,naive_time_sync,8,1.3445754051208496,1.2806681394577026,validation,True,0,2.1287784576416016,36864
43,naive_time_sync,9,1.267761468887329,1.208300232887268,validation,True,0,1.8291780948638916,36864
43,naive_time_sync,10,1.2068558931350708,1.1453649997711182,validation,True,0,1.7929155826568604,36864
43,naive_time_sync,11,1.1542755365371704,1.092336893081665,validation,True,0,1.622989296913147,36864
43,naive_time_sync,12,1.1072311401367188,1.0504552125930786,validation,True,0,1.2880338430404663,36864
43,naive_time_sync,13,1.0690314769744873,1.0127567052841187,validation,True,0,1.0872200727462769,36864
43,naive_time_sync,14,1.029767632484436,0.9725568890571594,validation,True,0,1.0460997819900513,36864
43,naive_time_sync,15,0.9919523596763611,0.932357907295227,validation,True,0,1.0342018604278564,36864
43,naive_time_sync,16,0.9611275792121887,0.8973389267921448,validation,True,0,0.9087770581245422,36864
43,naive_time_sync,17,0.9276705980300903,0.8694260120391846,validation,True,0,0.7799248099327087,36864
43,naive_time_sync,18,0.8994066715240479,0.8467585444450378,validation,True,0,0.772195041179657,36864
43,naive_time_sync,19,0.8789999485015869,0.824851393699646,validation,True,0,0.7711284756660461,36864
43,naive_time_sync,20,0.8509535789489746,0.800853431224823,validation,True,0,0.7222773432731628,36864
43,naive_time_sync,21,0.82721346616745,0.7775564193725586,validation,True,0,0.6395127177238464,36864
43,naive_time_sync,22,0.8098029494285583,0.7590400576591492,validation,True,0,0.5913307666778564,36864
43,naive_time_sync,23,0.7873338460922241,0.7428299784660339,validation,True,0,0.6191179752349854,36864
43,naive_time_sync,24,0.7709628939628601,0.7267506718635559,validation,True,0,0.695429801940918,36864
43,naive_time_sync,25,0.7537689805030823,0.7142621278762817,validation,True,0,0.6154075860977173,36864
43,naive_time_sync,26,0.7429025769233704,0.7079545259475708,validation,True,0,0.6640300154685974,36864
43,naive_time_sync,27,0.7208477854728699,0.7038376927375793,validation,True,0,0.4393884837627411,36864
43,naive_time_sync,28,0.7129012942314148,0.6942816972732544,validation,True,0,0.6578850150108337,36864
43,naive_time_sync,29,0.6984414458274841,0.6848762631416321,validation,True,0,0.4410000443458557,36864
43,naive_time_sync,30,0.6853200197219849,0.678348958492279,validation,True,0,0.5764666199684143,36864
43,naive_time_sync,31,0.6790283918380737,0.6744601726531982,validation,True,0,0.556792140007019,36864
43,naive_time_sync,32,0.6666562557220459,0.6685450077056885,validation,True,0,0.47089487314224243,36864
43,naive_time_sync,33,0.6509580612182617,0.6571557521820068,validation,True,0,0.6233295202255249,36864
43,naive_time_sync,34,0.6497147083282471,0.6505939960479736,validation,True,0,0.40655040740966797,36864
43,naive_time_sync,35,0.6381328105926514,0.6477547883987427,validation,True,0,0.5402059555053711,36864
43,naive_time_sync,36,0.6298437714576721,0.6451594233512878,validation,True,0,0.466392457485199,36864
43,naive_time_sync,37,0.6250202059745789,0.64036625623703,validation,True,0,0.4383314549922943,36864
43,naive_time_sync,38,0.6166195273399353,0.6309560537338257,validation,True,0,0.5662486553192139,36864
43,naive_time_sync,39,0.6129381060600281,0.6251611709594727,validation,True,0,0.4144921898841858,36864
43,naive_time_sync,40,0.6037786602973938,0.6225469708442688,validation,True,0,0.5032049417495728,36864
43,mult,1,1.7780725955963135,1.6199064254760742,validation,True,0,2.2683346271514893,36864
43,mult,2,1.5862572193145752,1.4844926595687866,validation,True,0,1.5319465398788452,36864
43,mult,3,1.4697179794311523,1.3937933444976807,validation,True,0,1.243775725364685,36864
43,mult,4,1.3837476968765259,1.334428071975708,validation,True,0,1.027889370918274,36864
43,mult,5,1.3168680667877197,1.2851855754852295,validation,True,0,0.9231422543525696,36864
43,mult,6,1.2605454921722412,1.2375949621200562,validation,True,0,0.845242440700531,36864
43,mult,7,1.2070519924163818,1.1964329481124878,validation,True,0,0.6491081714630127,36864
43,mult,8,1.1687120199203491,1.1572118997573853,validation,True,0,0.6865006685256958,36864
43,mult,9,1.1273550987243652,1.116923213005066,validation,True,0,0.7299202084541321,36864
43,mult,10,1.0881116390228271,1.078125,validation,True,0,0.6457771062850952,36864
43,mult,11,1.0523580312728882,1.0401849746704102,validation,True,0,0.6023159623146057,36864
43,mult,12,1.019355297088623,1.0014216899871826,validation,True,0,0.6313760280609131,36864
43,mult,13,0.9836739301681519,0.9644925594329834,validation,True,0,0.5870109796524048,36864
43,mult,14,0.952518880367279,0.9316415786743164,validation,True,0,0.5291675925254822,36864
43,mult,15,0.9187648296356201,0.9022181630134583,validation,True,0,0.5224530100822449,36864
43,mult,16,0.8893517255783081,0.8751338124275208,validation,True,0,0.5110079050064087,36864
43,mult,17,0.8594100475311279,0.849593997001648,validation,True,0,0.48846012353897095,36864
43,mult,18,0.8333207964897156,0.8248417973518372,validation,True,0,0.4628376364707947,36864
43,mult,19,0.8080244064331055,0.7996587753295898,validation,True,0,0.4763166308403015,36864
43,mult,20,0.7829856276512146,0.7764317393302917,validation,True,0,0.4074106812477112,36864
43,mult,21,0.7603636384010315,0.7563150525093079,validation,True,0,0.3665672242641449,36864
43,mult,22,0.7416160702705383,0.7390509247779846,validation,True,0,0.36705800890922546,36864
43,mult,23,0.7226675748825073,0.7240068316459656,validation,True,0,0.355415403842926,36864
43,mult,24,0.7105175852775574,0.7107944488525391,validation,True,0,0.33371204137802124,36864
43,mult,25,0.6946082711219788,0.6983028650283813,validation,True,0,0.31006962060928345,36864
43,mult,26,0.6817224621772766,0.6864362359046936,validation,True,0,0.28939756751060486,36864
43,mult,27,0.6693803071975708,0.6757577061653137,validation,True,0,0.26377707719802856,36864
43,mult,28,0.6600130200386047,0.6665898561477661,validation,True,0,0.24684543907642365,36864
43,mult,29,0.6508846282958984,0.6585745215415955,validation,True,0,0.26756322383880615,36864
43,mult,30,0.6398215293884277,0.6510818004608154,validation,True,0,0.22708407044410706,36864
43,mult,31,0.6332215666770935,0.6440606713294983,validation,True,0,0.20234674215316772,36864
43,mult,32,0.6273397207260132,0.6371995806694031,validation,True,0,0.2120165228843689,36864
43,mult,33,0.6176287531852722,0.631173312664032,validation,True,0,0.20600739121437073,36864
43,mult,34,0.6172116994857788,0.6271428465843201,validation,True,0,0.21102166175842285,36864
43,mult,35,0.6084922552108765,0.624070405960083,validation,True,0,0.18902204930782318,36864
43,mult,36,0.602107048034668,0.6217794418334961,validation,True,0,0.1833896040916443,36864
43,mult,37,0.5987339615821838,0.6188361644744873,validation,True,0,0.1671178787946701,36864
43,mult,38,0.5901620388031006,0.6143277287483215,validation,True,0,0.20239104330539703,36864
43,mult,39,0.5864747166633606,0.609767496585846,validation,True,0,0.16580118238925934,36864
43,mult,40,0.581659197807312,0.6064066290855408,validation,True,0,0.1591692417860031,36864
43,contiformer,1,1.7693140506744385,1.6228978633880615,validation,True,0,1.3803777694702148,36864
43,contiformer,2,1.6332476139068604,1.5223225355148315,validation,True,0,1.0382428169250488,36864
43,contiformer,3,1.529666543006897,1.4410107135772705,validation,True,0,0.8766640424728394,36864
43,contiformer,4,1.4457008838653564,1.3700189590454102,validation,True,0,0.814426839351654,36864
43,contiformer,5,1.3679372072219849,1.3052728176116943,validation,True,0,0.7964218854904175,36864
43,contiformer,6,1.2989684343338013,1.245908498764038,validation,True,0,0.7767270803451538,36864
43,contiformer,7,1.2339115142822266,1.1924145221710205,validation,True,0,0.7448889017105103,36864
43,contiformer,8,1.1729588508605957,1.1449888944625854,validation,True,0,0.7068241238594055,36864
43,contiformer,9,1.115907073020935,1.1029843091964722,validation,True,0,0.6737236976623535,36864
43,contiformer,10,1.0675320625305176,1.0653536319732666,validation,True,0,0.6465190052986145,36864
43,contiformer,11,1.0199558734893799,1.0315160751342773,validation,True,0,0.6171990633010864,36864
43,contiformer,12,0.9767637252807617,1.0008713006973267,validation,True,0,0.5823462605476379,36864
43,contiformer,13,0.9386553168296814,0.9725320935249329,validation,True,0,0.5505375862121582,36864
43,contiformer,14,0.9023813605308533,0.9456141591072083,validation,True,0,0.5298745632171631,36864
43,contiformer,15,0.8658607602119446,0.920258104801178,validation,True,0,0.5030502080917358,36864
43,contiformer,16,0.8349364399909973,0.8975912928581238,validation,True,0,0.4660579562187195,36864
43,contiformer,17,0.8063623905181885,0.8780277371406555,validation,True,0,0.4203726649284363,36864
43,contiformer,18,0.7830442190170288,0.8613266944885254,validation,True,0,0.3877567946910858,36864
43,contiformer,19,0.7627837061882019,0.8462907671928406,validation,True,0,0.3737882375717163,36864
43,contiformer,20,0.741951584815979,0.8325571417808533,validation,True,0,0.34774020314216614,36864
43,contiformer,21,0.7204681634902954,0.819636881351471,validation,True,0,0.3293205201625824,36864
43,contiformer,22,0.7051378488540649,0.8068858981132507,validation,True,0,0.30180492997169495,36864
43,contiformer,23,0.6903789043426514,0.7941874861717224,validation,True,0,0.28081944584846497,36864
43,contiformer,24,0.675788164138794,0.7814800143241882,validation,True,0,0.2507137954235077,36864
43,contiformer,25,0.6645575165748596,0.769050121307373,validation,True,0,0.23317484557628632,36864
43,contiformer,26,0.6503397226333618,0.7570044994354248,validation,True,0,0.24189242720603943,36864
43,contiformer,27,0.6388445496559143,0.7460138201713562,validation,True,0,0.24520854651927948,36864
43,contiformer,28,0.6320056915283203,0.7364686131477356,validation,True,0,0.2238553762435913,36864
43,contiformer,29,0.622208297252655,0.7280237674713135,validation,True,0,0.20820055902004242,36864
43,contiformer,30,0.6135002374649048,0.72054123878479,validation,True,0,0.19996316730976105,36864
43,contiformer,31,0.6057919263839722,0.7128002643585205,validation,True,0,0.18886667490005493,36864
43,contiformer,32,0.5964192152023315,0.7040491104125977,validation,True,0,0.18943560123443604,36864
43,contiformer,33,0.5906520485877991,0.6952378153800964,validation,True,0,0.17081622779369354,36864
43,contiformer,34,0.5842783451080322,0.6875324249267578,validation,True,0,0.17442229390144348,36864
43,contiformer,35,0.576516330242157,0.6803021430969238,validation,True,0,0.17234432697296143,36864
43,contiformer,36,0.574770450592041,0.6738978028297424,validation,True,0,0.16368094086647034,36864
43,contiformer,37,0.5677308440208435,0.6685869693756104,validation,True,0,0.15149402618408203,36864
43,contiformer,38,0.5622186660766602,0.6635767221450806,validation,True,0,0.1467900276184082,36864
43,contiformer,39,0.5544068217277527,0.6578739285469055,validation,True,0,0.16417770087718964,36864
43,contiformer,40,0.548843502998352,0.6522253155708313,validation,True,0,0.15158165991306305,36864
43,chronaris,1,1.9544912576675415,1.7870584726333618,validation,True,0,6.862034320831299,36864
43,chronaris,2,1.7328686714172363,1.758653163909912,validation,True,0,3.089709758758545,36864
43,chronaris,3,1.6799637079238892,1.7128701210021973,validation,True,0,1.8946057558059692,36864
43,chronaris,4,1.6337945461273193,1.6378206014633179,validation,True,0,2.196511745452881,36864
43,chronaris,5,1.5686330795288086,1.5811724662780762,validation,True,0,1.331689715385437,36864
43,chronaris,6,1.5261671543121338,1.5454469919204712,validation,True,0,1.468937873840332,36864
43,chronaris,7,1.4946894645690918,1.5123932361602783,validation,True,0,1.9590588808059692,36864
43,chronaris,8,1.4593541622161865,1.4850354194641113,validation,True,0,1.787885308265686,36864
43,chronaris,9,1.4196089506149292,1.4686346054077148,validation,True,0,1.3123626708984375,36864
43,chronaris,10,1.3870257139205933,1.4592772722244263,validation,True,0,0.7220712900161743,36864
43,chronaris,11,1.3603721857070923,1.4362493753433228,validation,True,0,0.9855769276618958,36864
43,chronaris,12,1.3359026908874512,1.400529146194458,validation,True,0,0.9842246174812317,36864
43,chronaris,13,1.3031283617019653,1.3684117794036865,validation,True,0,0.5900375843048096,36864
43,chronaris,14,1.2819933891296387,1.3425878286361694,validation,True,0,0.9809557795524597,36864
43,chronaris,15,1.2564038038253784,1.3265360593795776,validation,True,0,0.9561501145362854,36864
43,chronaris,16,1.2264522314071655,1.3171199560165405,validation,True,0,0.610451877117157,36864
43,chronaris,17,1.202257752418518,1.2922286987304688,validation,True,0,0.8606191873550415,36864
43,chronaris,18,1.1772366762161255,1.2520359754562378,validation,True,0,0.8246395587921143,36864
43,chronaris,19,1.1532315015792847,1.2160073518753052,validation,True,0,0.5646219849586487,36864
43,chronaris,20,1.1314756870269775,1.1935003995895386,validation,True,0,0.8372508883476257,36864
43,chronaris,21,1.1094731092453003,1.184055209159851,validation,True,0,0.7110090851783752,36864
43,chronaris,22,1.0919554233551025,1.1731181144714355,validation,True,0,0.5582059025764465,36864
43,chronaris,23,1.0751250982284546,1.1428560018539429,validation,True,0,0.7430117130279541,36864
43,chronaris,24,1.0595308542251587,1.1138378381729126,validation,True,0,0.43718257546424866,36864
43,chronaris,25,1.0431411266326904,1.1008380651474,validation,True,0,0.7041609287261963,36864
43,chronaris,26,1.0266175270080566,1.0960034132003784,validation,True,0,0.6254096031188965,36864
43,chronaris,27,1.0082367658615112,1.0877009630203247,validation,True,0,0.35775449872016907,36864
43,chronaris,28,0.9909237623214722,1.0671145915985107,validation,True,0,0.6472103595733643,36864
43,chronaris,29,0.9800136089324951,1.0408153533935547,validation,True,0,0.5874077677726746,36864
43,chronaris,30,0.9652354717254639,1.0321245193481445,validation,True,0,0.6672998070716858,36864
43,chronaris,31,0.9493283033370972,1.0282912254333496,validation,True,0,0.40944141149520874,36864
43,chronaris,32,0.9368260502815247,1.009132742881775,validation,True,0,0.5819835662841797,36864
43,chronaris,33,0.921850860118866,0.9921865463256836,validation,True,0,0.5963568091392517,36864
43,chronaris,34,0.9081825613975525,0.9760527014732361,validation,True,0,0.4574942886829376,36864
43,chronaris,35,0.8954862952232361,0.9706229567527771,validation,True,0,0.4723655879497528,36864
43,chronaris,36,0.885995090007782,0.9647703170776367,validation,True,0,0.4037286341190338,36864
43,chronaris,37,0.8755455613136292,0.937389075756073,validation,True,0,0.8095589280128479,36864
43,chronaris,38,0.8628152012825012,0.934707760810852,validation,True,0,0.8780075907707214,36864
43,chronaris,39,0.854155421257019,0.9186370372772217,validation,True,0,0.7808202505111694,36864
43,chronaris,40,0.843591570854187,0.9064527750015259,validation,True,0,0.3511347770690918,36864
