ablation_group,balanced_accuracy,component,confusion_matrix,display_name_cn,feature_family,leakage_safe,mae,metric_direction,model_mode,nrmse,nrmse_normalization,per_class_f1,per_class_precision,per_class_recall,persistence_improvement_rate,persistence_rmse,primary_metric_name,primary_metric_value,protocol,seed,skipped_fold_count,skipped_reason,source_variant,split_strategy,status,task_name,task_type,valid_fold_count,variant_name
model_backbone,0.34188034188034183,naive_time_sync,"[[14, 25, 0], [12, 24, 0], [12, 24, 0]]",朴素时间同步,dual_projection,True,,higher_is_better,learned,,,"{""low"": 0.36363636363636365, ""medium"": 0.44036697247706424, ""high"": 0.0}","{""low"": 0.3684210526315789, ""medium"": 0.3287671232876712, ""high"": 0.0}","{""low"": 0.358974358974359, ""medium"": 0.6666666666666666, ""high"": 0.0}",,,macro_f1,0.2680011120378093,leakage_safe_v1,17,0,,f_full,leave_one_sortie_out,completed,T1_maneuver_intensity_class,classification,2,naive_time_sync
model_backbone,0.34188034188034183,naive_time_sync,"[[14, 25, 0], [12, 24, 0], [12, 24, 0]]",朴素时间同步,dual_projection,True,,higher_is_better,learned,,,"{""low"": 0.36363636363636365, ""medium"": 0.44036697247706424, ""high"": 0.0}","{""low"": 0.3684210526315789, ""medium"": 0.3287671232876712, ""high"": 0.0}","{""low"": 0.358974358974359, ""medium"": 0.6666666666666666, ""high"": 0.0}",,,macro_f1,0.2680011120378093,leakage_safe_v1,29,0,,f_full,leave_one_sortie_out,completed,T1_maneuver_intensity_class,classification,2,naive_time_sync
model_backbone,0.34188034188034183,naive_time_sync,"[[14, 25, 0], [12, 24, 0], [12, 24, 0]]",朴素时间同步,dual_projection,True,,higher_is_better,learned,,,"{""low"": 0.36363636363636365, ""medium"": 0.44036697247706424, ""high"": 0.0}","{""low"": 0.3684210526315789, ""medium"": 0.3287671232876712, ""high"": 0.0}","{""low"": 0.358974358974359, ""medium"": 0.6666666666666666, ""high"": 0.0}",,,macro_f1,0.2680011120378093,leakage_safe_v1,43,0,,f_full,leave_one_sortie_out,completed,T1_maneuver_intensity_class,classification,2,naive_time_sync
model_backbone,0.34188034188034183,naive_time_sync,"[[14, 25, 0], [12, 24, 0], [12, 24, 0]]",朴素时间同步,dual_projection,True,,higher_is_better,learned,,,"{""low"": 0.36363636363636365, ""medium"": 0.44036697247706424, ""high"": 0.0}","{""low"": 0.3684210526315789, ""medium"": 0.3287671232876712, ""high"": 0.0}","{""low"": 0.358974358974359, ""medium"": 0.6666666666666666, ""high"": 0.0}",,,macro_f1,0.2680011120378093,leakage_safe_v1,71,0,,f_full,leave_one_sortie_out,completed,T1_maneuver_intensity_class,classification,2,naive_time_sync
model_backbone,0.34188034188034183,naive_time_sync,"[[14, 25, 0], [12, 24, 0], [12, 24, 0]]",朴素时间同步,dual_projection,True,,higher_is_better,learned,,,"{""low"": 0.36363636363636365, ""medium"": 0.44036697247706424, ""high"": 0.0}","{""low"": 0.3684210526315789, ""medium"": 0.3287671232876712, ""high"": 0.0}","{""low"": 0.358974358974359, ""medium"": 0.6666666666666666, ""high"": 0.0}",,,macro_f1,0.2680011120378093,leakage_safe_v1,97,0,,f_full,leave_one_sortie_out,completed,T1_maneuver_intensity_class,classification,2,naive_time_sync
model_backbone,,naive_time_sync,,朴素时间同步,dual_projection,True,11333.535742618913,lower_is_better,learned,7.7133090535074365,target_range,,,,-88.37491445003883,201.4895651832178,rmse,18008.112650825613,leakage_safe_v1,17,0,,f_full,leave_one_sortie_out,completed,T2_next_window_physiology_response,regression,2,naive_time_sync
model_backbone,,naive_time_sync,,朴素时间同步,dual_projection,True,11333.535742618913,lower_is_better,learned,7.7133090535074365,target_range,,,,-88.37491445003883,201.4895651832178,rmse,18008.112650825613,leakage_safe_v1,29,0,,f_full,leave_one_sortie_out,completed,T2_next_window_physiology_response,regression,2,naive_time_sync
model_backbone,,naive_time_sync,,朴素时间同步,dual_projection,True,11333.535742618913,lower_is_better,learned,7.7133090535074365,target_range,,,,-88.37491445003883,201.4895651832178,rmse,18008.112650825613,leakage_safe_v1,43,0,,f_full,leave_one_sortie_out,completed,T2_next_window_physiology_response,regression,2,naive_time_sync
model_backbone,,naive_time_sync,,朴素时间同步,dual_projection,True,11333.535742618913,lower_is_better,learned,7.7133090535074365,target_range,,,,-88.37491445003883,201.4895651832178,rmse,18008.112650825613,leakage_safe_v1,71,0,,f_full,leave_one_sortie_out,completed,T2_next_window_physiology_response,regression,2,naive_time_sync
model_backbone,,naive_time_sync,,朴素时间同步,dual_projection,True,11333.535742618913,lower_is_better,learned,7.7133090535074365,target_range,,,,-88.37491445003883,201.4895651832178,rmse,18008.112650825613,leakage_safe_v1,97,0,,f_full,leave_one_sortie_out,completed,T2_next_window_physiology_response,regression,2,naive_time_sync
model_backbone,0.34188034188034183,continuous_state_backbone,"[[14, 25, 0], [12, 24, 0], [12, 24, 0]]",双流连续表示,dual_projection,True,,higher_is_better,learned,,,"{""low"": 0.36363636363636365, ""medium"": 0.44036697247706424, ""high"": 0.0}","{""low"": 0.3684210526315789, ""medium"": 0.3287671232876712, ""high"": 0.0}","{""low"": 0.358974358974359, ""medium"": 0.6666666666666666, ""high"": 0.0}",,,macro_f1,0.2680011120378093,leakage_safe_v1,17,0,,f_full,leave_one_sortie_out,completed,T1_maneuver_intensity_class,classification,2,continuous_dual_state
model_backbone,0.34188034188034183,continuous_state_backbone,"[[14, 25, 0], [12, 24, 0], [12, 24, 0]]",双流连续表示,dual_projection,True,,higher_is_better,learned,,,"{""low"": 0.36363636363636365, ""medium"": 0.44036697247706424, ""high"": 0.0}","{""low"": 0.3684210526315789, ""medium"": 0.3287671232876712, ""high"": 0.0}","{""low"": 0.358974358974359, ""medium"": 0.6666666666666666, ""high"": 0.0}",,,macro_f1,0.2680011120378093,leakage_safe_v1,29,0,,f_full,leave_one_sortie_out,completed,T1_maneuver_intensity_class,classification,2,continuous_dual_state
model_backbone,0.34188034188034183,continuous_state_backbone,"[[14, 25, 0], [12, 24, 0], [12, 24, 0]]",双流连续表示,dual_projection,True,,higher_is_better,learned,,,"{""low"": 0.36363636363636365, ""medium"": 0.44036697247706424, ""high"": 0.0}","{""low"": 0.3684210526315789, ""medium"": 0.3287671232876712, ""high"": 0.0}","{""low"": 0.358974358974359, ""medium"": 0.6666666666666666, ""high"": 0.0}",,,macro_f1,0.2680011120378093,leakage_safe_v1,43,0,,f_full,leave_one_sortie_out,completed,T1_maneuver_intensity_class,classification,2,continuous_dual_state
model_backbone,0.34188034188034183,continuous_state_backbone,"[[14, 25, 0], [12, 24, 0], [12, 24, 0]]",双流连续表示,dual_projection,True,,higher_is_better,learned,,,"{""low"": 0.36363636363636365, ""medium"": 0.44036697247706424, ""high"": 0.0}","{""low"": 0.3684210526315789, ""medium"": 0.3287671232876712, ""high"": 0.0}","{""low"": 0.358974358974359, ""medium"": 0.6666666666666666, ""high"": 0.0}",,,macro_f1,0.2680011120378093,leakage_safe_v1,71,0,,f_full,leave_one_sortie_out,completed,T1_maneuver_intensity_class,classification,2,continuous_dual_state
model_backbone,0.34188034188034183,continuous_state_backbone,"[[14, 25, 0], [12, 24, 0], [12, 24, 0]]",双流连续表示,dual_projection,True,,higher_is_better,learned,,,"{""low"": 0.36363636363636365, ""medium"": 0.44036697247706424, ""high"": 0.0}","{""low"": 0.3684210526315789, ""medium"": 0.3287671232876712, ""high"": 0.0}","{""low"": 0.358974358974359, ""medium"": 0.6666666666666666, ""high"": 0.0}",,,macro_f1,0.2680011120378093,leakage_safe_v1,97,0,,f_full,leave_one_sortie_out,completed,T1_maneuver_intensity_class,classification,2,continuous_dual_state
model_backbone,,continuous_state_backbone,,双流连续表示,dual_projection,True,11333.535742618913,lower_is_better,learned,7.7133090535074365,target_range,,,,-88.37491445003883,201.4895651832178,rmse,18008.112650825613,leakage_safe_v1,17,0,,f_full,leave_one_sortie_out,completed,T2_next_window_physiology_response,regression,2,continuous_dual_state
model_backbone,,continuous_state_backbone,,双流连续表示,dual_projection,True,11333.535742618913,lower_is_better,learned,7.7133090535074365,target_range,,,,-88.37491445003883,201.4895651832178,rmse,18008.112650825613,leakage_safe_v1,29,0,,f_full,leave_one_sortie_out,completed,T2_next_window_physiology_response,regression,2,continuous_dual_state
model_backbone,,continuous_state_backbone,,双流连续表示,dual_projection,True,11333.535742618913,lower_is_better,learned,7.7133090535074365,target_range,,,,-88.37491445003883,201.4895651832178,rmse,18008.112650825613,leakage_safe_v1,43,0,,f_full,leave_one_sortie_out,completed,T2_next_window_physiology_response,regression,2,continuous_dual_state
model_backbone,,continuous_state_backbone,,双流连续表示,dual_projection,True,11333.535742618913,lower_is_better,learned,7.7133090535074365,target_range,,,,-88.37491445003883,201.4895651832178,rmse,18008.112650825613,leakage_safe_v1,71,0,,f_full,leave_one_sortie_out,completed,T2_next_window_physiology_response,regression,2,continuous_dual_state
model_backbone,,continuous_state_backbone,,双流连续表示,dual_projection,True,11333.535742618913,lower_is_better,learned,7.7133090535074365,target_range,,,,-88.37491445003883,201.4895651832178,rmse,18008.112650825613,leakage_safe_v1,97,0,,f_full,leave_one_sortie_out,completed,T2_next_window_physiology_response,regression,2,continuous_dual_state
model_backbone,0.3162393162393162,remove_physics_constraint,"[[37, 0, 2], [36, 0, 0], [36, 0, 0]]",移除物理约束,dual_projection,True,,higher_is_better,learned,,,"{""low"": 0.5, ""medium"": 0.0, ""high"": 0.0}","{""low"": 0.3394495412844037, ""medium"": 0.0, ""high"": 0.0}","{""low"": 0.9487179487179487, ""medium"": 0.0, ""high"": 0.0}",,,macro_f1,0.16666666666666666,leakage_safe_v1,17,0,,e_baseline,leave_one_sortie_out,completed,T1_maneuver_intensity_class,classification,2,remove_physics_constraint
model_backbone,0.3162393162393162,remove_physics_constraint,"[[37, 0, 2], [36, 0, 0], [36, 0, 0]]",移除物理约束,dual_projection,True,,higher_is_better,learned,,,"{""low"": 0.5, ""medium"": 0.0, ""high"": 0.0}","{""low"": 0.3394495412844037, ""medium"": 0.0, ""high"": 0.0}","{""low"": 0.9487179487179487, ""medium"": 0.0, ""high"": 0.0}",,,macro_f1,0.16666666666666666,leakage_safe_v1,29,0,,e_baseline,leave_one_sortie_out,completed,T1_maneuver_intensity_class,classification,2,remove_physics_constraint
model_backbone,0.3162393162393162,remove_physics_constraint,"[[37, 0, 2], [36, 0, 0], [36, 0, 0]]",移除物理约束,dual_projection,True,,higher_is_better,learned,,,"{""low"": 0.5, ""medium"": 0.0, ""high"": 0.0}","{""low"": 0.3394495412844037, ""medium"": 0.0, ""high"": 0.0}","{""low"": 0.9487179487179487, ""medium"": 0.0, ""high"": 0.0}",,,macro_f1,0.16666666666666666,leakage_safe_v1,43,0,,e_baseline,leave_one_sortie_out,completed,T1_maneuver_intensity_class,classification,2,remove_physics_constraint
model_backbone,0.3162393162393162,remove_physics_constraint,"[[37, 0, 2], [36, 0, 0], [36, 0, 0]]",移除物理约束,dual_projection,True,,higher_is_better,learned,,,"{""low"": 0.5, ""medium"": 0.0, ""high"": 0.0}","{""low"": 0.3394495412844037, ""medium"": 0.0, ""high"": 0.0}","{""low"": 0.9487179487179487, ""medium"": 0.0, ""high"": 0.0}",,,macro_f1,0.16666666666666666,leakage_safe_v1,71,0,,e_baseline,leave_one_sortie_out,completed,T1_maneuver_intensity_class,classification,2,remove_physics_constraint
model_backbone,0.3162393162393162,remove_physics_constraint,"[[37, 0, 2], [36, 0, 0], [36, 0, 0]]",移除物理约束,dual_projection,True,,higher_is_better,learned,,,"{""low"": 0.5, ""medium"": 0.0, ""high"": 0.0}","{""low"": 0.3394495412844037, ""medium"": 0.0, ""high"": 0.0}","{""low"": 0.9487179487179487, ""medium"": 0.0, ""high"": 0.0}",,,macro_f1,0.16666666666666666,leakage_safe_v1,97,0,,e_baseline,leave_one_sortie_out,completed,T1_maneuver_intensity_class,classification,2,remove_physics_constraint
model_backbone,,remove_physics_constraint,,移除物理约束,dual_projection,True,1611.1595195493132,lower_is_better,learned,1.0138966059755978,target_range,,,,-10.748125453244738,201.4895651832178,rmse,2367.1246892921754,leakage_safe_v1,17,0,,e_baseline,leave_one_sortie_out,completed,T2_next_window_physiology_response,regression,2,remove_physics_constraint
model_backbone,,remove_physics_constraint,,移除物理约束,dual_projection,True,1611.1595195493132,lower_is_better,learned,1.0138966059755978,target_range,,,,-10.748125453244738,201.4895651832178,rmse,2367.1246892921754,leakage_safe_v1,29,0,,e_baseline,leave_one_sortie_out,completed,T2_next_window_physiology_response,regression,2,remove_physics_constraint
model_backbone,,remove_physics_constraint,,移除物理约束,dual_projection,True,1611.1595195493132,lower_is_better,learned,1.0138966059755978,target_range,,,,-10.748125453244738,201.4895651832178,rmse,2367.1246892921754,leakage_safe_v1,43,0,,e_baseline,leave_one_sortie_out,completed,T2_next_window_physiology_response,regression,2,remove_physics_constraint
model_backbone,,remove_physics_constraint,,移除物理约束,dual_projection,True,1611.1595195493132,lower_is_better,learned,1.0138966059755978,target_range,,,,-10.748125453244738,201.4895651832178,rmse,2367.1246892921754,leakage_safe_v1,71,0,,e_baseline,leave_one_sortie_out,completed,T2_next_window_physiology_response,regression,2,remove_physics_constraint
model_backbone,,remove_physics_constraint,,移除物理约束,dual_projection,True,1611.1595195493132,lower_is_better,learned,1.0138966059755978,target_range,,,,-10.748125453244738,201.4895651832178,rmse,2367.1246892921754,leakage_safe_v1,97,0,,e_baseline,leave_one_sortie_out,completed,T2_next_window_physiology_response,regression,2,remove_physics_constraint
model_backbone,0.3333333333333333,remove_causal_mask,"[[39, 0, 0], [36, 0, 0], [36, 0, 0]]",移除因果掩码,full_safe,True,,higher_is_better,learned,,,"{""low"": 0.52, ""medium"": 0.0, ""high"": 0.0}","{""low"": 0.35135135135135137, ""medium"": 0.0, ""high"": 0.0}","{""low"": 1.0, ""medium"": 0.0, ""high"": 0.0}",,,macro_f1,0.17333333333333334,leakage_safe_v1,17,0,,chronaris_opt_no_causal_mask,leave_one_sortie_out,completed,T1_maneuver_intensity_class,classification,2,remove_causal_mask
model_backbone,0.3333333333333333,remove_causal_mask,"[[39, 0, 0], [36, 0, 0], [36, 0, 0]]",移除因果掩码,full_safe,True,,higher_is_better,learned,,,"{""low"": 0.52, ""medium"": 0.0, ""high"": 0.0}","{""low"": 0.35135135135135137, ""medium"": 0.0, ""high"": 0.0}","{""low"": 1.0, ""medium"": 0.0, ""high"": 0.0}",,,macro_f1,0.17333333333333334,leakage_safe_v1,29,0,,chronaris_opt_no_causal_mask,leave_one_sortie_out,completed,T1_maneuver_intensity_class,classification,2,remove_causal_mask
model_backbone,0.3333333333333333,remove_causal_mask,"[[39, 0, 0], [36, 0, 0], [36, 0, 0]]",移除因果掩码,full_safe,True,,higher_is_better,learned,,,"{""low"": 0.52, ""medium"": 0.0, ""high"": 0.0}","{""low"": 0.35135135135135137, ""medium"": 0.0, ""high"": 0.0}","{""low"": 1.0, ""medium"": 0.0, ""high"": 0.0}",,,macro_f1,0.17333333333333334,leakage_safe_v1,43,0,,chronaris_opt_no_causal_mask,leave_one_sortie_out,completed,T1_maneuver_intensity_class,classification,2,remove_causal_mask
model_backbone,0.3333333333333333,remove_causal_mask,"[[39, 0, 0], [36, 0, 0], [36, 0, 0]]",移除因果掩码,full_safe,True,,higher_is_better,learned,,,"{""low"": 0.52, ""medium"": 0.0, ""high"": 0.0}","{""low"": 0.35135135135135137, ""medium"": 0.0, ""high"": 0.0}","{""low"": 1.0, ""medium"": 0.0, ""high"": 0.0}",,,macro_f1,0.17333333333333334,leakage_safe_v1,71,0,,chronaris_opt_no_causal_mask,leave_one_sortie_out,completed,T1_maneuver_intensity_class,classification,2,remove_causal_mask
model_backbone,0.3333333333333333,remove_causal_mask,"[[39, 0, 0], [36, 0, 0], [36, 0, 0]]",移除因果掩码,full_safe,True,,higher_is_better,learned,,,"{""low"": 0.52, ""medium"": 0.0, ""high"": 0.0}","{""low"": 0.35135135135135137, ""medium"": 0.0, ""high"": 0.0}","{""low"": 1.0, ""medium"": 0.0, ""high"": 0.0}",,,macro_f1,0.17333333333333334,leakage_safe_v1,97,0,,chronaris_opt_no_causal_mask,leave_one_sortie_out,completed,T1_maneuver_intensity_class,classification,2,remove_causal_mask
model_backbone,,remove_causal_mask,,移除因果掩码,full_safe,True,2724.913504115169,lower_is_better,learned,1.3901100510916926,target_range,,,,-15.10734978082638,201.4895651832178,rmse,3245.4629035927055,leakage_safe_v1,17,0,,chronaris_opt_no_causal_mask,leave_one_sortie_out,completed,T2_next_window_physiology_response,regression,2,remove_causal_mask
model_backbone,,remove_causal_mask,,移除因果掩码,full_safe,True,2724.913504115169,lower_is_better,learned,1.3901100510916926,target_range,,,,-15.10734978082638,201.4895651832178,rmse,3245.4629035927055,leakage_safe_v1,29,0,,chronaris_opt_no_causal_mask,leave_one_sortie_out,completed,T2_next_window_physiology_response,regression,2,remove_causal_mask
model_backbone,,remove_causal_mask,,移除因果掩码,full_safe,True,2724.913504115169,lower_is_better,learned,1.3901100510916926,target_range,,,,-15.10734978082638,201.4895651832178,rmse,3245.4629035927055,leakage_safe_v1,43,0,,chronaris_opt_no_causal_mask,leave_one_sortie_out,completed,T2_next_window_physiology_response,regression,2,remove_causal_mask
model_backbone,,remove_causal_mask,,移除因果掩码,full_safe,True,2724.913504115169,lower_is_better,learned,1.3901100510916926,target_range,,,,-15.10734978082638,201.4895651832178,rmse,3245.4629035927055,leakage_safe_v1,71,0,,chronaris_opt_no_causal_mask,leave_one_sortie_out,completed,T2_next_window_physiology_response,regression,2,remove_causal_mask
model_backbone,,remove_causal_mask,,移除因果掩码,full_safe,True,2724.913504115169,lower_is_better,learned,1.3901100510916926,target_range,,,,-15.10734978082638,201.4895651832178,rmse,3245.4629035927055,leakage_safe_v1,97,0,,chronaris_opt_no_causal_mask,leave_one_sortie_out,completed,T2_next_window_physiology_response,regression,2,remove_causal_mask
model_backbone,0.3333333333333333,remove_semantic_event_fusion,"[[39, 0, 0], [36, 0, 0], [36, 0, 0]]",移除语义事件融合,fused_only,True,,higher_is_better,learned,,,"{""low"": 0.52, ""medium"": 0.0, ""high"": 0.0}","{""low"": 0.35135135135135137, ""medium"": 0.0, ""high"": 0.0}","{""low"": 1.0, ""medium"": 0.0, ""high"": 0.0}",,,macro_f1,0.17333333333333334,leakage_safe_v1,17,0,,g_min,leave_one_sortie_out,completed,T1_maneuver_intensity_class,classification,2,remove_semantic_event_fusion
model_backbone,0.3333333333333333,remove_semantic_event_fusion,"[[39, 0, 0], [36, 0, 0], [36, 0, 0]]",移除语义事件融合,fused_only,True,,higher_is_better,learned,,,"{""low"": 0.52, ""medium"": 0.0, ""high"": 0.0}","{""low"": 0.35135135135135137, ""medium"": 0.0, ""high"": 0.0}","{""low"": 1.0, ""medium"": 0.0, ""high"": 0.0}",,,macro_f1,0.17333333333333334,leakage_safe_v1,29,0,,g_min,leave_one_sortie_out,completed,T1_maneuver_intensity_class,classification,2,remove_semantic_event_fusion
model_backbone,0.3333333333333333,remove_semantic_event_fusion,"[[39, 0, 0], [36, 0, 0], [36, 0, 0]]",移除语义事件融合,fused_only,True,,higher_is_better,learned,,,"{""low"": 0.52, ""medium"": 0.0, ""high"": 0.0}","{""low"": 0.35135135135135137, ""medium"": 0.0, ""high"": 0.0}","{""low"": 1.0, ""medium"": 0.0, ""high"": 0.0}",,,macro_f1,0.17333333333333334,leakage_safe_v1,43,0,,g_min,leave_one_sortie_out,completed,T1_maneuver_intensity_class,classification,2,remove_semantic_event_fusion
model_backbone,0.3333333333333333,remove_semantic_event_fusion,"[[39, 0, 0], [36, 0, 0], [36, 0, 0]]",移除语义事件融合,fused_only,True,,higher_is_better,learned,,,"{""low"": 0.52, ""medium"": 0.0, ""high"": 0.0}","{""low"": 0.35135135135135137, ""medium"": 0.0, ""high"": 0.0}","{""low"": 1.0, ""medium"": 0.0, ""high"": 0.0}",,,macro_f1,0.17333333333333334,leakage_safe_v1,71,0,,g_min,leave_one_sortie_out,completed,T1_maneuver_intensity_class,classification,2,remove_semantic_event_fusion
model_backbone,0.3333333333333333,remove_semantic_event_fusion,"[[39, 0, 0], [36, 0, 0], [36, 0, 0]]",移除语义事件融合,fused_only,True,,higher_is_better,learned,,,"{""low"": 0.52, ""medium"": 0.0, ""high"": 0.0}","{""low"": 0.35135135135135137, ""medium"": 0.0, ""high"": 0.0}","{""low"": 1.0, ""medium"": 0.0, ""high"": 0.0}",,,macro_f1,0.17333333333333334,leakage_safe_v1,97,0,,g_min,leave_one_sortie_out,completed,T1_maneuver_intensity_class,classification,2,remove_semantic_event_fusion
model_backbone,,remove_semantic_event_fusion,,移除语义事件融合,fused_only,True,699.0113789670628,lower_is_better,learned,0.3664274004673949,target_range,,,,-3.245832410154959,201.4895651832178,rmse,855.4909261629363,leakage_safe_v1,17,0,,g_min,leave_one_sortie_out,completed,T2_next_window_physiology_response,regression,2,remove_semantic_event_fusion
model_backbone,,remove_semantic_event_fusion,,移除语义事件融合,fused_only,True,699.0113789670628,lower_is_better,learned,0.3664274004673949,target_range,,,,-3.245832410154959,201.4895651832178,rmse,855.4909261629363,leakage_safe_v1,29,0,,g_min,leave_one_sortie_out,completed,T2_next_window_physiology_response,regression,2,remove_semantic_event_fusion
model_backbone,,remove_semantic_event_fusion,,移除语义事件融合,fused_only,True,699.0113789670628,lower_is_better,learned,0.3664274004673949,target_range,,,,-3.245832410154959,201.4895651832178,rmse,855.4909261629363,leakage_safe_v1,43,0,,g_min,leave_one_sortie_out,completed,T2_next_window_physiology_response,regression,2,remove_semantic_event_fusion
model_backbone,,remove_semantic_event_fusion,,移除语义事件融合,fused_only,True,699.0113789670628,lower_is_better,learned,0.3664274004673949,target_range,,,,-3.245832410154959,201.4895651832178,rmse,855.4909261629363,leakage_safe_v1,71,0,,g_min,leave_one_sortie_out,completed,T2_next_window_physiology_response,regression,2,remove_semantic_event_fusion
model_backbone,,remove_semantic_event_fusion,,移除语义事件融合,fused_only,True,699.0113789670628,lower_is_better,learned,0.3664274004673949,target_range,,,,-3.245832410154959,201.4895651832178,rmse,855.4909261629363,leakage_safe_v1,97,0,,g_min,leave_one_sortie_out,completed,T2_next_window_physiology_response,regression,2,remove_semantic_event_fusion
model_backbone,0.3333333333333333,full_model,"[[39, 0, 0], [36, 0, 0], [36, 0, 0]]",完整方案,full_safe,True,,higher_is_better,learned,,,"{""low"": 0.52, ""medium"": 0.0, ""high"": 0.0}","{""low"": 0.35135135135135137, ""medium"": 0.0, ""high"": 0.0}","{""low"": 1.0, ""medium"": 0.0, ""high"": 0.0}",,,macro_f1,0.17333333333333334,leakage_safe_v1,17,0,,chronaris_opt,leave_one_sortie_out,completed,T1_maneuver_intensity_class,classification,2,full_model
model_backbone,0.3333333333333333,full_model,"[[39, 0, 0], [36, 0, 0], [36, 0, 0]]",完整方案,full_safe,True,,higher_is_better,learned,,,"{""low"": 0.52, ""medium"": 0.0, ""high"": 0.0}","{""low"": 0.35135135135135137, ""medium"": 0.0, ""high"": 0.0}","{""low"": 1.0, ""medium"": 0.0, ""high"": 0.0}",,,macro_f1,0.17333333333333334,leakage_safe_v1,29,0,,chronaris_opt,leave_one_sortie_out,completed,T1_maneuver_intensity_class,classification,2,full_model
model_backbone,0.3333333333333333,full_model,"[[39, 0, 0], [36, 0, 0], [36, 0, 0]]",完整方案,full_safe,True,,higher_is_better,learned,,,"{""low"": 0.52, ""medium"": 0.0, ""high"": 0.0}","{""low"": 0.35135135135135137, ""medium"": 0.0, ""high"": 0.0}","{""low"": 1.0, ""medium"": 0.0, ""high"": 0.0}",,,macro_f1,0.17333333333333334,leakage_safe_v1,43,0,,chronaris_opt,leave_one_sortie_out,completed,T1_maneuver_intensity_class,classification,2,full_model
model_backbone,0.3333333333333333,full_model,"[[39, 0, 0], [36, 0, 0], [36, 0, 0]]",完整方案,full_safe,True,,higher_is_better,learned,,,"{""low"": 0.52, ""medium"": 0.0, ""high"": 0.0}","{""low"": 0.35135135135135137, ""medium"": 0.0, ""high"": 0.0}","{""low"": 1.0, ""medium"": 0.0, ""high"": 0.0}",,,macro_f1,0.17333333333333334,leakage_safe_v1,71,0,,chronaris_opt,leave_one_sortie_out,completed,T1_maneuver_intensity_class,classification,2,full_model
model_backbone,0.3333333333333333,full_model,"[[39, 0, 0], [36, 0, 0], [36, 0, 0]]",完整方案,full_safe,True,,higher_is_better,learned,,,"{""low"": 0.52, ""medium"": 0.0, ""high"": 0.0}","{""low"": 0.35135135135135137, ""medium"": 0.0, ""high"": 0.0}","{""low"": 1.0, ""medium"": 0.0, ""high"": 0.0}",,,macro_f1,0.17333333333333334,leakage_safe_v1,97,0,,chronaris_opt,leave_one_sortie_out,completed,T1_maneuver_intensity_class,classification,2,full_model
model_backbone,,full_model,,完整方案,full_safe,True,1209.608952730448,lower_is_better,learned,0.6007375034717971,target_range,,,,-5.960807949904092,201.4895651832178,rmse,1402.5301671500613,leakage_safe_v1,17,0,,chronaris_opt,leave_one_sortie_out,completed,T2_next_window_physiology_response,regression,2,full_model
model_backbone,,full_model,,完整方案,full_safe,True,1209.608952730448,lower_is_better,learned,0.6007375034717971,target_range,,,,-5.960807949904092,201.4895651832178,rmse,1402.5301671500613,leakage_safe_v1,29,0,,chronaris_opt,leave_one_sortie_out,completed,T2_next_window_physiology_response,regression,2,full_model
model_backbone,,full_model,,完整方案,full_safe,True,1209.608952730448,lower_is_better,learned,0.6007375034717971,target_range,,,,-5.960807949904092,201.4895651832178,rmse,1402.5301671500613,leakage_safe_v1,43,0,,chronaris_opt,leave_one_sortie_out,completed,T2_next_window_physiology_response,regression,2,full_model
model_backbone,,full_model,,完整方案,full_safe,True,1209.608952730448,lower_is_better,learned,0.6007375034717971,target_range,,,,-5.960807949904092,201.4895651832178,rmse,1402.5301671500613,leakage_safe_v1,71,0,,chronaris_opt,leave_one_sortie_out,completed,T2_next_window_physiology_response,regression,2,full_model
model_backbone,,full_model,,完整方案,full_safe,True,1209.608952730448,lower_is_better,learned,0.6007375034717971,target_range,,,,-5.960807949904092,201.4895651832178,rmse,1402.5301671500613,leakage_safe_v1,97,0,,chronaris_opt,leave_one_sortie_out,completed,T2_next_window_physiology_response,regression,2,full_model
task_adapter,0.3333333333333333,full_task_input,"[[39, 0, 0], [36, 0, 0], [36, 0, 0]]",完整防泄漏任务输入,full_safe,True,,higher_is_better,learned,,,"{""low"": 0.52, ""medium"": 0.0, ""high"": 0.0}","{""low"": 0.35135135135135137, ""medium"": 0.0, ""high"": 0.0}","{""low"": 1.0, ""medium"": 0.0, ""high"": 0.0}",,,macro_f1,0.17333333333333334,leakage_safe_v1,17,0,,chronaris_opt,leave_one_sortie_out,completed,T1_maneuver_intensity_class,classification,2,full_leakage_safe_task_input
task_adapter,0.3333333333333333,full_task_input,"[[39, 0, 0], [36, 0, 0], [36, 0, 0]]",完整防泄漏任务输入,full_safe,True,,higher_is_better,learned,,,"{""low"": 0.52, ""medium"": 0.0, ""high"": 0.0}","{""low"": 0.35135135135135137, ""medium"": 0.0, ""high"": 0.0}","{""low"": 1.0, ""medium"": 0.0, ""high"": 0.0}",,,macro_f1,0.17333333333333334,leakage_safe_v1,29,0,,chronaris_opt,leave_one_sortie_out,completed,T1_maneuver_intensity_class,classification,2,full_leakage_safe_task_input
task_adapter,0.3333333333333333,full_task_input,"[[39, 0, 0], [36, 0, 0], [36, 0, 0]]",完整防泄漏任务输入,full_safe,True,,higher_is_better,learned,,,"{""low"": 0.52, ""medium"": 0.0, ""high"": 0.0}","{""low"": 0.35135135135135137, ""medium"": 0.0, ""high"": 0.0}","{""low"": 1.0, ""medium"": 0.0, ""high"": 0.0}",,,macro_f1,0.17333333333333334,leakage_safe_v1,43,0,,chronaris_opt,leave_one_sortie_out,completed,T1_maneuver_intensity_class,classification,2,full_leakage_safe_task_input
task_adapter,0.3333333333333333,full_task_input,"[[39, 0, 0], [36, 0, 0], [36, 0, 0]]",完整防泄漏任务输入,full_safe,True,,higher_is_better,learned,,,"{""low"": 0.52, ""medium"": 0.0, ""high"": 0.0}","{""low"": 0.35135135135135137, ""medium"": 0.0, ""high"": 0.0}","{""low"": 1.0, ""medium"": 0.0, ""high"": 0.0}",,,macro_f1,0.17333333333333334,leakage_safe_v1,71,0,,chronaris_opt,leave_one_sortie_out,completed,T1_maneuver_intensity_class,classification,2,full_leakage_safe_task_input
task_adapter,0.3333333333333333,full_task_input,"[[39, 0, 0], [36, 0, 0], [36, 0, 0]]",完整防泄漏任务输入,full_safe,True,,higher_is_better,learned,,,"{""low"": 0.52, ""medium"": 0.0, ""high"": 0.0}","{""low"": 0.35135135135135137, ""medium"": 0.0, ""high"": 0.0}","{""low"": 1.0, ""medium"": 0.0, ""high"": 0.0}",,,macro_f1,0.17333333333333334,leakage_safe_v1,97,0,,chronaris_opt,leave_one_sortie_out,completed,T1_maneuver_intensity_class,classification,2,full_leakage_safe_task_input
task_adapter,,full_task_input,,完整防泄漏任务输入,full_safe,True,1209.608952730448,lower_is_better,learned,0.6007375034717971,target_range,,,,-5.960807949904092,201.4895651832178,rmse,1402.5301671500613,leakage_safe_v1,17,0,,chronaris_opt,leave_one_sortie_out,completed,T2_next_window_physiology_response,regression,2,full_leakage_safe_task_input
task_adapter,,full_task_input,,完整防泄漏任务输入,full_safe,True,1209.608952730448,lower_is_better,learned,0.6007375034717971,target_range,,,,-5.960807949904092,201.4895651832178,rmse,1402.5301671500613,leakage_safe_v1,29,0,,chronaris_opt,leave_one_sortie_out,completed,T2_next_window_physiology_response,regression,2,full_leakage_safe_task_input
task_adapter,,full_task_input,,完整防泄漏任务输入,full_safe,True,1209.608952730448,lower_is_better,learned,0.6007375034717971,target_range,,,,-5.960807949904092,201.4895651832178,rmse,1402.5301671500613,leakage_safe_v1,43,0,,chronaris_opt,leave_one_sortie_out,completed,T2_next_window_physiology_response,regression,2,full_leakage_safe_task_input
task_adapter,,full_task_input,,完整防泄漏任务输入,full_safe,True,1209.608952730448,lower_is_better,learned,0.6007375034717971,target_range,,,,-5.960807949904092,201.4895651832178,rmse,1402.5301671500613,leakage_safe_v1,71,0,,chronaris_opt,leave_one_sortie_out,completed,T2_next_window_physiology_response,regression,2,full_leakage_safe_task_input
task_adapter,,full_task_input,,完整防泄漏任务输入,full_safe,True,1209.608952730448,lower_is_better,learned,0.6007375034717971,target_range,,,,-5.960807949904092,201.4895651832178,rmse,1402.5301671500613,leakage_safe_v1,97,0,,chronaris_opt,leave_one_sortie_out,completed,T2_next_window_physiology_response,regression,2,full_leakage_safe_task_input
task_adapter,0.3333333333333333,remove_task_head,"[[39, 0, 0], [36, 0, 0], [36, 0, 0]]",移除任务头,full_safe,True,,higher_is_better,no_task_head,,,"{""low"": 0.52, ""medium"": 0.0, ""high"": 0.0}","{""low"": 0.35135135135135137, ""medium"": 0.0, ""high"": 0.0}","{""low"": 1.0, ""medium"": 0.0, ""high"": 0.0}",,,macro_f1,0.17333333333333334,leakage_safe_v1,17,0,,chronaris_opt,leave_one_sortie_out,completed,T1_maneuver_intensity_class,classification,2,remove_task_head
task_adapter,0.3333333333333333,remove_task_head,"[[39, 0, 0], [36, 0, 0], [36, 0, 0]]",移除任务头,full_safe,True,,higher_is_better,no_task_head,,,"{""low"": 0.52, ""medium"": 0.0, ""high"": 0.0}","{""low"": 0.35135135135135137, ""medium"": 0.0, ""high"": 0.0}","{""low"": 1.0, ""medium"": 0.0, ""high"": 0.0}",,,macro_f1,0.17333333333333334,leakage_safe_v1,29,0,,chronaris_opt,leave_one_sortie_out,completed,T1_maneuver_intensity_class,classification,2,remove_task_head
task_adapter,0.3333333333333333,remove_task_head,"[[39, 0, 0], [36, 0, 0], [36, 0, 0]]",移除任务头,full_safe,True,,higher_is_better,no_task_head,,,"{""low"": 0.52, ""medium"": 0.0, ""high"": 0.0}","{""low"": 0.35135135135135137, ""medium"": 0.0, ""high"": 0.0}","{""low"": 1.0, ""medium"": 0.0, ""high"": 0.0}",,,macro_f1,0.17333333333333334,leakage_safe_v1,43,0,,chronaris_opt,leave_one_sortie_out,completed,T1_maneuver_intensity_class,classification,2,remove_task_head
task_adapter,0.3333333333333333,remove_task_head,"[[39, 0, 0], [36, 0, 0], [36, 0, 0]]",移除任务头,full_safe,True,,higher_is_better,no_task_head,,,"{""low"": 0.52, ""medium"": 0.0, ""high"": 0.0}","{""low"": 0.35135135135135137, ""medium"": 0.0, ""high"": 0.0}","{""low"": 1.0, ""medium"": 0.0, ""high"": 0.0}",,,macro_f1,0.17333333333333334,leakage_safe_v1,71,0,,chronaris_opt,leave_one_sortie_out,completed,T1_maneuver_intensity_class,classification,2,remove_task_head
task_adapter,0.3333333333333333,remove_task_head,"[[39, 0, 0], [36, 0, 0], [36, 0, 0]]",移除任务头,full_safe,True,,higher_is_better,no_task_head,,,"{""low"": 0.52, ""medium"": 0.0, ""high"": 0.0}","{""low"": 0.35135135135135137, ""medium"": 0.0, ""high"": 0.0}","{""low"": 1.0, ""medium"": 0.0, ""high"": 0.0}",,,macro_f1,0.17333333333333334,leakage_safe_v1,97,0,,chronaris_opt,leave_one_sortie_out,completed,T1_maneuver_intensity_class,classification,2,remove_task_head
task_adapter,,remove_task_head,,移除任务头,full_safe,True,113.85192590448891,lower_is_better,no_task_head,0.0863028412499262,target_range,,,,0.0,201.4895651832178,rmse,201.4895651832178,leakage_safe_v1,17,0,,chronaris_opt,leave_one_sortie_out,completed,T2_next_window_physiology_response,regression,2,remove_task_head
task_adapter,,remove_task_head,,移除任务头,full_safe,True,113.85192590448891,lower_is_better,no_task_head,0.0863028412499262,target_range,,,,0.0,201.4895651832178,rmse,201.4895651832178,leakage_safe_v1,29,0,,chronaris_opt,leave_one_sortie_out,completed,T2_next_window_physiology_response,regression,2,remove_task_head
task_adapter,,remove_task_head,,移除任务头,full_safe,True,113.85192590448891,lower_is_better,no_task_head,0.0863028412499262,target_range,,,,0.0,201.4895651832178,rmse,201.4895651832178,leakage_safe_v1,43,0,,chronaris_opt,leave_one_sortie_out,completed,T2_next_window_physiology_response,regression,2,remove_task_head
task_adapter,,remove_task_head,,移除任务头,full_safe,True,113.85192590448891,lower_is_better,no_task_head,0.0863028412499262,target_range,,,,0.0,201.4895651832178,rmse,201.4895651832178,leakage_safe_v1,71,0,,chronaris_opt,leave_one_sortie_out,completed,T2_next_window_physiology_response,regression,2,remove_task_head
task_adapter,,remove_task_head,,移除任务头,full_safe,True,113.85192590448891,lower_is_better,no_task_head,0.0863028412499262,target_range,,,,0.0,201.4895651832178,rmse,201.4895651832178,leakage_safe_v1,97,0,,chronaris_opt,leave_one_sortie_out,completed,T2_next_window_physiology_response,regression,2,remove_task_head
task_adapter,0.3333333333333333,remove_raw_window_stats_residual,"[[39, 0, 0], [36, 0, 0], [36, 0, 0]]",移除原始窗口统计残差,full_safe,True,,higher_is_better,learned,,,"{""low"": 0.52, ""medium"": 0.0, ""high"": 0.0}","{""low"": 0.35135135135135137, ""medium"": 0.0, ""high"": 0.0}","{""low"": 1.0, ""medium"": 0.0, ""high"": 0.0}",,,macro_f1,0.17333333333333334,leakage_safe_v1,17,0,,chronaris_opt,leave_one_sortie_out,completed,T1_maneuver_intensity_class,classification,2,remove_raw_window_stats_residual
task_adapter,0.3333333333333333,remove_raw_window_stats_residual,"[[39, 0, 0], [36, 0, 0], [36, 0, 0]]",移除原始窗口统计残差,full_safe,True,,higher_is_better,learned,,,"{""low"": 0.52, ""medium"": 0.0, ""high"": 0.0}","{""low"": 0.35135135135135137, ""medium"": 0.0, ""high"": 0.0}","{""low"": 1.0, ""medium"": 0.0, ""high"": 0.0}",,,macro_f1,0.17333333333333334,leakage_safe_v1,29,0,,chronaris_opt,leave_one_sortie_out,completed,T1_maneuver_intensity_class,classification,2,remove_raw_window_stats_residual
task_adapter,0.3333333333333333,remove_raw_window_stats_residual,"[[39, 0, 0], [36, 0, 0], [36, 0, 0]]",移除原始窗口统计残差,full_safe,True,,higher_is_better,learned,,,"{""low"": 0.52, ""medium"": 0.0, ""high"": 0.0}","{""low"": 0.35135135135135137, ""medium"": 0.0, ""high"": 0.0}","{""low"": 1.0, ""medium"": 0.0, ""high"": 0.0}",,,macro_f1,0.17333333333333334,leakage_safe_v1,43,0,,chronaris_opt,leave_one_sortie_out,completed,T1_maneuver_intensity_class,classification,2,remove_raw_window_stats_residual
task_adapter,0.3333333333333333,remove_raw_window_stats_residual,"[[39, 0, 0], [36, 0, 0], [36, 0, 0]]",移除原始窗口统计残差,full_safe,True,,higher_is_better,learned,,,"{""low"": 0.52, ""medium"": 0.0, ""high"": 0.0}","{""low"": 0.35135135135135137, ""medium"": 0.0, ""high"": 0.0}","{""low"": 1.0, ""medium"": 0.0, ""high"": 0.0}",,,macro_f1,0.17333333333333334,leakage_safe_v1,71,0,,chronaris_opt,leave_one_sortie_out,completed,T1_maneuver_intensity_class,classification,2,remove_raw_window_stats_residual
task_adapter,0.3333333333333333,remove_raw_window_stats_residual,"[[39, 0, 0], [36, 0, 0], [36, 0, 0]]",移除原始窗口统计残差,full_safe,True,,higher_is_better,learned,,,"{""low"": 0.52, ""medium"": 0.0, ""high"": 0.0}","{""low"": 0.35135135135135137, ""medium"": 0.0, ""high"": 0.0}","{""low"": 1.0, ""medium"": 0.0, ""high"": 0.0}",,,macro_f1,0.17333333333333334,leakage_safe_v1,97,0,,chronaris_opt,leave_one_sortie_out,completed,T1_maneuver_intensity_class,classification,2,remove_raw_window_stats_residual
task_adapter,,remove_raw_window_stats_residual,,移除原始窗口统计残差,full_safe,True,1209.608952730448,lower_is_better,learned,0.6007375034717971,target_range,,,,-5.960807949904092,201.4895651832178,rmse,1402.5301671500613,leakage_safe_v1,17,0,,chronaris_opt,leave_one_sortie_out,completed,T2_next_window_physiology_response,regression,2,remove_raw_window_stats_residual
task_adapter,,remove_raw_window_stats_residual,,移除原始窗口统计残差,full_safe,True,1209.608952730448,lower_is_better,learned,0.6007375034717971,target_range,,,,-5.960807949904092,201.4895651832178,rmse,1402.5301671500613,leakage_safe_v1,29,0,,chronaris_opt,leave_one_sortie_out,completed,T2_next_window_physiology_response,regression,2,remove_raw_window_stats_residual
task_adapter,,remove_raw_window_stats_residual,,移除原始窗口统计残差,full_safe,True,1209.608952730448,lower_is_better,learned,0.6007375034717971,target_range,,,,-5.960807949904092,201.4895651832178,rmse,1402.5301671500613,leakage_safe_v1,43,0,,chronaris_opt,leave_one_sortie_out,completed,T2_next_window_physiology_response,regression,2,remove_raw_window_stats_residual
task_adapter,,remove_raw_window_stats_residual,,移除原始窗口统计残差,full_safe,True,1209.608952730448,lower_is_better,learned,0.6007375034717971,target_range,,,,-5.960807949904092,201.4895651832178,rmse,1402.5301671500613,leakage_safe_v1,71,0,,chronaris_opt,leave_one_sortie_out,completed,T2_next_window_physiology_response,regression,2,remove_raw_window_stats_residual
task_adapter,,remove_raw_window_stats_residual,,移除原始窗口统计残差,full_safe,True,1209.608952730448,lower_is_better,learned,0.6007375034717971,target_range,,,,-5.960807949904092,201.4895651832178,rmse,1402.5301671500613,leakage_safe_v1,97,0,,chronaris_opt,leave_one_sortie_out,completed,T2_next_window_physiology_response,regression,2,remove_raw_window_stats_residual
task_adapter,0.3333333333333333,remove_temporal_position_features,"[[39, 0, 0], [36, 0, 0], [36, 0, 0]]",移除时间位置特征,full_safe,True,,higher_is_better,learned,,,"{""low"": 0.52, ""medium"": 0.0, ""high"": 0.0}","{""low"": 0.35135135135135137, ""medium"": 0.0, ""high"": 0.0}","{""low"": 1.0, ""medium"": 0.0, ""high"": 0.0}",,,macro_f1,0.17333333333333334,leakage_safe_v1,17,0,,chronaris_opt,leave_one_sortie_out,completed,T1_maneuver_intensity_class,classification,2,remove_temporal_position_features
task_adapter,0.3333333333333333,remove_temporal_position_features,"[[39, 0, 0], [36, 0, 0], [36, 0, 0]]",移除时间位置特征,full_safe,True,,higher_is_better,learned,,,"{""low"": 0.52, ""medium"": 0.0, ""high"": 0.0}","{""low"": 0.35135135135135137, ""medium"": 0.0, ""high"": 0.0}","{""low"": 1.0, ""medium"": 0.0, ""high"": 0.0}",,,macro_f1,0.17333333333333334,leakage_safe_v1,29,0,,chronaris_opt,leave_one_sortie_out,completed,T1_maneuver_intensity_class,classification,2,remove_temporal_position_features
task_adapter,0.3333333333333333,remove_temporal_position_features,"[[39, 0, 0], [36, 0, 0], [36, 0, 0]]",移除时间位置特征,full_safe,True,,higher_is_better,learned,,,"{""low"": 0.52, ""medium"": 0.0, ""high"": 0.0}","{""low"": 0.35135135135135137, ""medium"": 0.0, ""high"": 0.0}","{""low"": 1.0, ""medium"": 0.0, ""high"": 0.0}",,,macro_f1,0.17333333333333334,leakage_safe_v1,43,0,,chronaris_opt,leave_one_sortie_out,completed,T1_maneuver_intensity_class,classification,2,remove_temporal_position_features
task_adapter,0.3333333333333333,remove_temporal_position_features,"[[39, 0, 0], [36, 0, 0], [36, 0, 0]]",移除时间位置特征,full_safe,True,,higher_is_better,learned,,,"{""low"": 0.52, ""medium"": 0.0, ""high"": 0.0}","{""low"": 0.35135135135135137, ""medium"": 0.0, ""high"": 0.0}","{""low"": 1.0, ""medium"": 0.0, ""high"": 0.0}",,,macro_f1,0.17333333333333334,leakage_safe_v1,71,0,,chronaris_opt,leave_one_sortie_out,completed,T1_maneuver_intensity_class,classification,2,remove_temporal_position_features
task_adapter,0.3333333333333333,remove_temporal_position_features,"[[39, 0, 0], [36, 0, 0], [36, 0, 0]]",移除时间位置特征,full_safe,True,,higher_is_better,learned,,,"{""low"": 0.52, ""medium"": 0.0, ""high"": 0.0}","{""low"": 0.35135135135135137, ""medium"": 0.0, ""high"": 0.0}","{""low"": 1.0, ""medium"": 0.0, ""high"": 0.0}",,,macro_f1,0.17333333333333334,leakage_safe_v1,97,0,,chronaris_opt,leave_one_sortie_out,completed,T1_maneuver_intensity_class,classification,2,remove_temporal_position_features
task_adapter,,remove_temporal_position_features,,移除时间位置特征,full_safe,True,1209.608952730448,lower_is_better,learned,0.6007375034717971,target_range,,,,-5.960807949904092,201.4895651832178,rmse,1402.5301671500613,leakage_safe_v1,17,0,,chronaris_opt,leave_one_sortie_out,completed,T2_next_window_physiology_response,regression,2,remove_temporal_position_features
task_adapter,,remove_temporal_position_features,,移除时间位置特征,full_safe,True,1209.608952730448,lower_is_better,learned,0.6007375034717971,target_range,,,,-5.960807949904092,201.4895651832178,rmse,1402.5301671500613,leakage_safe_v1,29,0,,chronaris_opt,leave_one_sortie_out,completed,T2_next_window_physiology_response,regression,2,remove_temporal_position_features
task_adapter,,remove_temporal_position_features,,移除时间位置特征,full_safe,True,1209.608952730448,lower_is_better,learned,0.6007375034717971,target_range,,,,-5.960807949904092,201.4895651832178,rmse,1402.5301671500613,leakage_safe_v1,43,0,,chronaris_opt,leave_one_sortie_out,completed,T2_next_window_physiology_response,regression,2,remove_temporal_position_features
task_adapter,,remove_temporal_position_features,,移除时间位置特征,full_safe,True,1209.608952730448,lower_is_better,learned,0.6007375034717971,target_range,,,,-5.960807949904092,201.4895651832178,rmse,1402.5301671500613,leakage_safe_v1,71,0,,chronaris_opt,leave_one_sortie_out,completed,T2_next_window_physiology_response,regression,2,remove_temporal_position_features
task_adapter,,remove_temporal_position_features,,移除时间位置特征,full_safe,True,1209.608952730448,lower_is_better,learned,0.6007375034717971,target_range,,,,-5.960807949904092,201.4895651832178,rmse,1402.5301671500613,leakage_safe_v1,97,0,,chronaris_opt,leave_one_sortie_out,completed,T2_next_window_physiology_response,regression,2,remove_temporal_position_features
task_adapter,0.3333333333333333,fused_latent_only,"[[39, 0, 0], [36, 0, 0], [36, 0, 0]]",仅融合潜态,fused_only,True,,higher_is_better,learned,,,"{""low"": 0.52, ""medium"": 0.0, ""high"": 0.0}","{""low"": 0.35135135135135137, ""medium"": 0.0, ""high"": 0.0}","{""low"": 1.0, ""medium"": 0.0, ""high"": 0.0}",,,macro_f1,0.17333333333333334,leakage_safe_v1,17,0,,chronaris_opt,leave_one_sortie_out,completed,T1_maneuver_intensity_class,classification,2,only_fused_latent
task_adapter,0.3333333333333333,fused_latent_only,"[[39, 0, 0], [36, 0, 0], [36, 0, 0]]",仅融合潜态,fused_only,True,,higher_is_better,learned,,,"{""low"": 0.52, ""medium"": 0.0, ""high"": 0.0}","{""low"": 0.35135135135135137, ""medium"": 0.0, ""high"": 0.0}","{""low"": 1.0, ""medium"": 0.0, ""high"": 0.0}",,,macro_f1,0.17333333333333334,leakage_safe_v1,29,0,,chronaris_opt,leave_one_sortie_out,completed,T1_maneuver_intensity_class,classification,2,only_fused_latent
task_adapter,0.3333333333333333,fused_latent_only,"[[39, 0, 0], [36, 0, 0], [36, 0, 0]]",仅融合潜态,fused_only,True,,higher_is_better,learned,,,"{""low"": 0.52, ""medium"": 0.0, ""high"": 0.0}","{""low"": 0.35135135135135137, ""medium"": 0.0, ""high"": 0.0}","{""low"": 1.0, ""medium"": 0.0, ""high"": 0.0}",,,macro_f1,0.17333333333333334,leakage_safe_v1,43,0,,chronaris_opt,leave_one_sortie_out,completed,T1_maneuver_intensity_class,classification,2,only_fused_latent
task_adapter,0.3333333333333333,fused_latent_only,"[[39, 0, 0], [36, 0, 0], [36, 0, 0]]",仅融合潜态,fused_only,True,,higher_is_better,learned,,,"{""low"": 0.52, ""medium"": 0.0, ""high"": 0.0}","{""low"": 0.35135135135135137, ""medium"": 0.0, ""high"": 0.0}","{""low"": 1.0, ""medium"": 0.0, ""high"": 0.0}",,,macro_f1,0.17333333333333334,leakage_safe_v1,71,0,,chronaris_opt,leave_one_sortie_out,completed,T1_maneuver_intensity_class,classification,2,only_fused_latent
task_adapter,0.3333333333333333,fused_latent_only,"[[39, 0, 0], [36, 0, 0], [36, 0, 0]]",仅融合潜态,fused_only,True,,higher_is_better,learned,,,"{""low"": 0.52, ""medium"": 0.0, ""high"": 0.0}","{""low"": 0.35135135135135137, ""medium"": 0.0, ""high"": 0.0}","{""low"": 1.0, ""medium"": 0.0, ""high"": 0.0}",,,macro_f1,0.17333333333333334,leakage_safe_v1,97,0,,chronaris_opt,leave_one_sortie_out,completed,T1_maneuver_intensity_class,classification,2,only_fused_latent
task_adapter,,fused_latent_only,,仅融合潜态,fused_only,True,1229.370996453432,lower_is_better,learned,0.6110025954308068,target_range,,,,-6.079750638352585,201.4895651832178,rmse,1426.495877727271,leakage_safe_v1,17,0,,chronaris_opt,leave_one_sortie_out,completed,T2_next_window_physiology_response,regression,2,only_fused_latent
task_adapter,,fused_latent_only,,仅融合潜态,fused_only,True,1229.370996453432,lower_is_better,learned,0.6110025954308068,target_range,,,,-6.079750638352585,201.4895651832178,rmse,1426.495877727271,leakage_safe_v1,29,0,,chronaris_opt,leave_one_sortie_out,completed,T2_next_window_physiology_response,regression,2,only_fused_latent
task_adapter,,fused_latent_only,,仅融合潜态,fused_only,True,1229.370996453432,lower_is_better,learned,0.6110025954308068,target_range,,,,-6.079750638352585,201.4895651832178,rmse,1426.495877727271,leakage_safe_v1,43,0,,chronaris_opt,leave_one_sortie_out,completed,T2_next_window_physiology_response,regression,2,only_fused_latent
task_adapter,,fused_latent_only,,仅融合潜态,fused_only,True,1229.370996453432,lower_is_better,learned,0.6110025954308068,target_range,,,,-6.079750638352585,201.4895651832178,rmse,1426.495877727271,leakage_safe_v1,71,0,,chronaris_opt,leave_one_sortie_out,completed,T2_next_window_physiology_response,regression,2,only_fused_latent
task_adapter,,fused_latent_only,,仅融合潜态,fused_only,True,1229.370996453432,lower_is_better,learned,0.6110025954308068,target_range,,,,-6.079750638352585,201.4895651832178,rmse,1426.495877727271,leakage_safe_v1,97,0,,chronaris_opt,leave_one_sortie_out,completed,T2_next_window_physiology_response,regression,2,only_fused_latent
task_adapter,0.3247863247863248,single_modality_only,"[[25, 1, 13], [24, 0, 12], [24, 0, 12]]",仅单模态表示,physiology_only,True,,higher_is_better,learned,,,"{""low"": 0.44642857142857145, ""medium"": 0.0, ""high"": 0.3287671232876712}","{""low"": 0.3424657534246575, ""medium"": 0.0, ""high"": 0.32432432432432434}","{""low"": 0.6410256410256411, ""medium"": 0.0, ""high"": 0.3333333333333333}",,,macro_f1,0.2583985649054142,leakage_safe_v1,17,0,,f_full,leave_one_sortie_out,completed,T1_maneuver_intensity_class,classification,2,single_modality_only
task_adapter,0.3247863247863248,single_modality_only,"[[25, 1, 13], [24, 0, 12], [24, 0, 12]]",仅单模态表示,physiology_only,True,,higher_is_better,learned,,,"{""low"": 0.44642857142857145, ""medium"": 0.0, ""high"": 0.3287671232876712}","{""low"": 0.3424657534246575, ""medium"": 0.0, ""high"": 0.32432432432432434}","{""low"": 0.6410256410256411, ""medium"": 0.0, ""high"": 0.3333333333333333}",,,macro_f1,0.2583985649054142,leakage_safe_v1,29,0,,f_full,leave_one_sortie_out,completed,T1_maneuver_intensity_class,classification,2,single_modality_only
task_adapter,0.3247863247863248,single_modality_only,"[[25, 1, 13], [24, 0, 12], [24, 0, 12]]",仅单模态表示,physiology_only,True,,higher_is_better,learned,,,"{""low"": 0.44642857142857145, ""medium"": 0.0, ""high"": 0.3287671232876712}","{""low"": 0.3424657534246575, ""medium"": 0.0, ""high"": 0.32432432432432434}","{""low"": 0.6410256410256411, ""medium"": 0.0, ""high"": 0.3333333333333333}",,,macro_f1,0.2583985649054142,leakage_safe_v1,43,0,,f_full,leave_one_sortie_out,completed,T1_maneuver_intensity_class,classification,2,single_modality_only
task_adapter,0.3247863247863248,single_modality_only,"[[25, 1, 13], [24, 0, 12], [24, 0, 12]]",仅单模态表示,physiology_only,True,,higher_is_better,learned,,,"{""low"": 0.44642857142857145, ""medium"": 0.0, ""high"": 0.3287671232876712}","{""low"": 0.3424657534246575, ""medium"": 0.0, ""high"": 0.32432432432432434}","{""low"": 0.6410256410256411, ""medium"": 0.0, ""high"": 0.3333333333333333}",,,macro_f1,0.2583985649054142,leakage_safe_v1,71,0,,f_full,leave_one_sortie_out,completed,T1_maneuver_intensity_class,classification,2,single_modality_only
task_adapter,0.3247863247863248,single_modality_only,"[[25, 1, 13], [24, 0, 12], [24, 0, 12]]",仅单模态表示,physiology_only,True,,higher_is_better,learned,,,"{""low"": 0.44642857142857145, ""medium"": 0.0, ""high"": 0.3287671232876712}","{""low"": 0.3424657534246575, ""medium"": 0.0, ""high"": 0.32432432432432434}","{""low"": 0.6410256410256411, ""medium"": 0.0, ""high"": 0.3333333333333333}",,,macro_f1,0.2583985649054142,leakage_safe_v1,97,0,,f_full,leave_one_sortie_out,completed,T1_maneuver_intensity_class,classification,2,single_modality_only
task_adapter,,single_modality_only,,仅单模态表示,physiology_only,True,13664.996072688707,lower_is_better,learned,8.563761813897429,target_range,,,,-98.22919906075226,201.4895651832178,rmse,19993.64817222994,leakage_safe_v1,17,0,,f_full,leave_one_sortie_out,completed,T2_next_window_physiology_response,regression,2,single_modality_only
task_adapter,,single_modality_only,,仅单模态表示,physiology_only,True,13664.996072688707,lower_is_better,learned,8.563761813897429,target_range,,,,-98.22919906075226,201.4895651832178,rmse,19993.64817222994,leakage_safe_v1,29,0,,f_full,leave_one_sortie_out,completed,T2_next_window_physiology_response,regression,2,single_modality_only
task_adapter,,single_modality_only,,仅单模态表示,physiology_only,True,13664.996072688707,lower_is_better,learned,8.563761813897429,target_range,,,,-98.22919906075226,201.4895651832178,rmse,19993.64817222994,leakage_safe_v1,43,0,,f_full,leave_one_sortie_out,completed,T2_next_window_physiology_response,regression,2,single_modality_only
task_adapter,,single_modality_only,,仅单模态表示,physiology_only,True,13664.996072688707,lower_is_better,learned,8.563761813897429,target_range,,,,-98.22919906075226,201.4895651832178,rmse,19993.64817222994,leakage_safe_v1,71,0,,f_full,leave_one_sortie_out,completed,T2_next_window_physiology_response,regression,2,single_modality_only
task_adapter,,single_modality_only,,仅单模态表示,physiology_only,True,13664.996072688707,lower_is_better,learned,8.563761813897429,target_range,,,,-98.22919906075226,201.4895651832178,rmse,19993.64817222994,leakage_safe_v1,97,0,,f_full,leave_one_sortie_out,completed,T2_next_window_physiology_response,regression,2,single_modality_only
