stage,dataset_id,variant_id,seed,track,evaluation_group,split_group,sample_count,macro_f1,balanced_accuracy,rmse,mae
screen,nasa_csm,p37_public_no_lag_prior_context075,42,objective,benchmark_only,subject_10,87,0.29957805907172996,0.3333333333333333,,
screen,nasa_csm,p37_public_no_lag_prior_context075,42,objective,benchmark_only,subject_11,85,0.3034188034188034,0.3333333333333333,,
screen,nasa_csm,p37_public_no_lag_prior_context075,42,objective,loft_only,subject_10,100,0.3082437275985663,0.3333333333333333,,
screen,nasa_csm,p37_public_no_lag_prior_context075,42,objective,loft_only,subject_11,80,0.3087248322147651,0.3333333333333333,,
screen,nasa_csm,p37_public_no_lag_prior_context075,42,objective,combined,subject_10,187,0.30426356589147285,0.3333333333333333,,
screen,nasa_csm,p37_public_no_lag_prior_context075,42,objective,combined,subject_11,165,0.30601092896174864,0.3333333333333333,,
screen,nasa_csm,p37_public_no_lag_prior_context085,42,objective,benchmark_only,subject_10,87,0.29957805907172996,0.3333333333333333,,
screen,nasa_csm,p37_public_no_lag_prior_context085,42,objective,benchmark_only,subject_11,85,0.3034188034188034,0.3333333333333333,,
screen,nasa_csm,p37_public_no_lag_prior_context085,42,objective,loft_only,subject_10,100,0.3082437275985663,0.3333333333333333,,
screen,nasa_csm,p37_public_no_lag_prior_context085,42,objective,loft_only,subject_11,80,0.3087248322147651,0.3333333333333333,,
screen,nasa_csm,p37_public_no_lag_prior_context085,42,objective,combined,subject_10,187,0.30426356589147285,0.3333333333333333,,
screen,nasa_csm,p37_public_no_lag_prior_context085,42,objective,combined,subject_11,165,0.30601092896174864,0.3333333333333333,,
screen,nasa_csm,p37_public_context_adapter_only_cap2x_do0p2,42,objective,benchmark_only,subject_10,87,0.29957805907172996,0.3333333333333333,,
screen,nasa_csm,p37_public_context_adapter_only_cap2x_do0p2,42,objective,benchmark_only,subject_11,85,0.3034188034188034,0.3333333333333333,,
screen,nasa_csm,p37_public_context_adapter_only_cap2x_do0p2,42,objective,loft_only,subject_10,100,0.3082437275985663,0.3333333333333333,,
screen,nasa_csm,p37_public_context_adapter_only_cap2x_do0p2,42,objective,loft_only,subject_11,80,0.3087248322147651,0.3333333333333333,,
screen,nasa_csm,p37_public_context_adapter_only_cap2x_do0p2,42,objective,combined,subject_10,187,0.30426356589147285,0.3333333333333333,,
screen,nasa_csm,p37_public_context_adapter_only_cap2x_do0p2,42,objective,combined,subject_11,165,0.30601092896174864,0.3333333333333333,,
screen,nasa_csm,p37_public_force_adaptive_context_gate,42,objective,benchmark_only,subject_10,87,0.29957805907172996,0.3333333333333333,,
screen,nasa_csm,p37_public_force_adaptive_context_gate,42,objective,benchmark_only,subject_11,85,0.3034188034188034,0.3333333333333333,,
screen,nasa_csm,p37_public_force_adaptive_context_gate,42,objective,loft_only,subject_10,100,0.3082437275985663,0.3333333333333333,,
screen,nasa_csm,p37_public_force_adaptive_context_gate,42,objective,loft_only,subject_11,80,0.3087248322147651,0.3333333333333333,,
screen,nasa_csm,p37_public_force_adaptive_context_gate,42,objective,combined,subject_10,187,0.30426356589147285,0.3333333333333333,,
screen,nasa_csm,p37_public_force_adaptive_context_gate,42,objective,combined,subject_11,165,0.30601092896174864,0.3333333333333333,,
screen,uab_workload_dataset,p37_public_no_lag_prior_context075,42,objective,n_back,subject_01,1888,0.303502561952452,0.3222250271151921,,
screen,uab_workload_dataset,p37_public_no_lag_prior_context075,42,objective,n_back,subject_02,1876,0.2579863378124114,0.32981029810298107,,
screen,uab_workload_dataset,p37_public_no_lag_prior_context075,42,objective,heat_the_chair,subject_01,324,0.4098360655737705,0.5270579268292683,,
screen,uab_workload_dataset,p37_public_no_lag_prior_context075,42,objective,heat_the_chair,subject_02,314,0.44326241134751776,0.47173489278752434,,
screen,uab_workload_dataset,p37_public_no_lag_prior_context075,42,subjective,n_back,subject_01,1888,,,5.899426073603867,5.147424852854367
screen,uab_workload_dataset,p37_public_no_lag_prior_context075,42,subjective,n_back,subject_02,1876,,,6.288434256033284,5.945410835812849
screen,uab_workload_dataset,p37_public_no_lag_prior_context075,42,subjective,heat_the_chair,subject_01,324,,,2.035775212748435,1.8935225127655784
screen,uab_workload_dataset,p37_public_no_lag_prior_context075,42,subjective,heat_the_chair,subject_02,314,,,2.111283224803401,1.6343626353391416
screen,uab_workload_dataset,p37_public_no_lag_prior_context085,42,objective,n_back,subject_01,1888,0.30525880201354877,0.3240981710398307,,
screen,uab_workload_dataset,p37_public_no_lag_prior_context085,42,objective,n_back,subject_02,1876,0.30219730069724715,0.33313556882422696,,
screen,uab_workload_dataset,p37_public_no_lag_prior_context085,42,objective,heat_the_chair,subject_01,324,0.4098360655737705,0.5270579268292683,,
screen,uab_workload_dataset,p37_public_no_lag_prior_context085,42,objective,heat_the_chair,subject_02,314,0.4736200432808071,0.4736842105263158,,
screen,uab_workload_dataset,p37_public_no_lag_prior_context085,42,subjective,n_back,subject_01,1888,,,5.906512875045471,5.150082017310847
screen,uab_workload_dataset,p37_public_no_lag_prior_context085,42,subjective,n_back,subject_02,1876,,,6.296616164024477,5.84339168086362
screen,uab_workload_dataset,p37_public_no_lag_prior_context085,42,subjective,heat_the_chair,subject_01,324,,,2.044510056346136,1.902881586993182
screen,uab_workload_dataset,p37_public_no_lag_prior_context085,42,subjective,heat_the_chair,subject_02,314,,,2.1157021257853303,1.6404859579292832
screen,uab_workload_dataset,p37_public_context_adapter_only_cap2x_do0p2,42,objective,n_back,subject_01,1888,0.3004283088997697,0.32318421754171767,,
screen,uab_workload_dataset,p37_public_context_adapter_only_cap2x_do0p2,42,objective,n_back,subject_02,1876,0.21036309232919229,0.33803020960736946,,
screen,uab_workload_dataset,p37_public_context_adapter_only_cap2x_do0p2,42,objective,heat_the_chair,subject_01,324,0.4098360655737705,0.5270579268292683,,
screen,uab_workload_dataset,p37_public_context_adapter_only_cap2x_do0p2,42,objective,heat_the_chair,subject_02,314,0.4398441518643771,0.49000974658869395,,
screen,uab_workload_dataset,p37_public_context_adapter_only_cap2x_do0p2,42,subjective,n_back,subject_01,1888,,,5.878115849933018,4.774306375501772
screen,uab_workload_dataset,p37_public_context_adapter_only_cap2x_do0p2,42,subjective,n_back,subject_02,1876,,,6.134719066600957,5.786389417072603
screen,uab_workload_dataset,p37_public_context_adapter_only_cap2x_do0p2,42,subjective,heat_the_chair,subject_01,324,,,2.020133895483096,1.8760918658456684
screen,uab_workload_dataset,p37_public_context_adapter_only_cap2x_do0p2,42,subjective,heat_the_chair,subject_02,314,,,2.154577040930463,1.6868235654891677
screen,uab_workload_dataset,p37_public_force_adaptive_context_gate,42,objective,n_back,subject_01,1888,0.30473430543606145,0.3241727281996218,,
screen,uab_workload_dataset,p37_public_force_adaptive_context_gate,42,objective,n_back,subject_02,1876,0.21036309232919229,0.33803020960736946,,
screen,uab_workload_dataset,p37_public_force_adaptive_context_gate,42,objective,heat_the_chair,subject_01,324,0.4098360655737705,0.5270579268292683,,
screen,uab_workload_dataset,p37_public_force_adaptive_context_gate,42,objective,heat_the_chair,subject_02,314,0.44326241134751776,0.47173489278752434,,
screen,uab_workload_dataset,p37_public_force_adaptive_context_gate,42,subjective,n_back,subject_01,1888,,,5.899426073603867,5.147424852854367
screen,uab_workload_dataset,p37_public_force_adaptive_context_gate,42,subjective,n_back,subject_02,1876,,,6.288434256033284,5.945410835812849
screen,uab_workload_dataset,p37_public_force_adaptive_context_gate,42,subjective,heat_the_chair,subject_01,324,,,2.035775212748435,1.8935225127655784
screen,uab_workload_dataset,p37_public_force_adaptive_context_gate,42,subjective,heat_the_chair,subject_02,314,,,2.111283224803401,1.6343626353391416
