source_path,sha256
docs/artifacts/runs/2026-07-16_simple-downstream-confirmation/metrics_long.csv,c525859ba27394a217c93d0d12f01b1740c75fa9d1901be85f47fcb1e7f40e07
docs/artifacts/runs/2026-07-16_simple-downstream-confirmation/metrics_summary.csv,a6c3580150ccb15829b90cf2f66db581adf046f3a73f3e02b0629a21ad936d1d
docs/artifacts/runs/2026-07-16_simple-downstream-confirmation/prediction_inventory.csv,242b4d4c855ecec0a31fbc0c464de388f7bcc3e9e2c2f3aca726c644b15c5ffe
docs/artifacts/runs/2026-07-16_simple-downstream-confirmation/protocol.json,c843975c3d1f0eea5f35ad622f969b97aace0f634f609022582e6f8947c27d5f
docs/artifacts/runs/2026-07-16_simple-downstream-pretraining-confirmation/protocol.json,a3653a117bac7b44548705b688b1e4201bf3266f47c305a24888da9fbc3facb4
docs/artifacts/runs/2026-07-16_simple-downstream-representations-confirmation/protocol.json,1474b84164db4ef6f0e69b59b99234c735acaf33a4ba536fc9e52ea76b17890a
docs/artifacts/runs/2026-07-12_downstream-evidence-pack/tables/mechanism_recovery_mae.csv,29a92cedc8fdbd07e0b31d23abaa1d32effecef179a576154b138ac1d7a50bc7
docs/artifacts/runs/2026-07-12_downstream-evidence-pack/tables/stress_degradation_slopes.csv,86335480f6044d229043e526fcef2c649e307a1d55bac82080fb9f4da550d44b
docs/artifacts/runs/2026-07-12_downstream-evidence-pack/tables/chronaris_ablation_advantage.csv,add95c83f2f85d349234ce30394e69c8b916f47458bd10d54506024c4bf10d28
