task_name,model_name,split_strategy,metric,value_mean,value_std,seed_count,completed_fold_count,sample_count,higher_is_better
T1_maneuver_intensity_class,chronaris_full,leave_one_view_out,macro_f1,0.17333333333333334,0.0,3,9,333,True
T1_maneuver_intensity_class,chronaris_full,leave_one_view_out,balanced_accuracy,0.3333333333333333,0.0,3,9,333,True
T1_maneuver_intensity_class,chronaris_full,leave_one_sortie_out,macro_f1,0.17333333333333334,0.0,3,6,333,True
T1_maneuver_intensity_class,chronaris_full,leave_one_sortie_out,balanced_accuracy,0.3333333333333333,0.0,3,6,333,True
T1_maneuver_intensity_class,mult,leave_one_view_out,macro_f1,0.20345968489838803,0.01561961921571599,3,9,333,True
T1_maneuver_intensity_class,mult,leave_one_view_out,balanced_accuracy,0.35327635327635326,0.008058196936598854,3,9,333,True
T1_maneuver_intensity_class,mult,leave_one_sortie_out,macro_f1,0.213187939112813,0.014811752502086224,3,6,333,True
T1_maneuver_intensity_class,mult,leave_one_sortie_out,balanced_accuracy,0.3397435897435897,0.005233952441844402,3,6,333,True
T1_maneuver_intensity_class,contiformer,leave_one_view_out,macro_f1,0.20955790353966644,0.025463229656172082,3,9,333,True
T1_maneuver_intensity_class,contiformer,leave_one_view_out,balanced_accuracy,0.35612535612535606,0.01452712112134699,3,9,333,True
T1_maneuver_intensity_class,contiformer,leave_one_sortie_out,macro_f1,0.22299142227690996,0.012241854695928409,3,6,333,True
T1_maneuver_intensity_class,contiformer,leave_one_sortie_out,balanced_accuracy,0.3376068376068376,0.0060436477024491285,3,6,333,True
T1_maneuver_intensity_class,classical_baseline,leave_one_view_out,macro_f1,0.21183722764468105,0.0,3,9,333,True
T1_maneuver_intensity_class,classical_baseline,leave_one_view_out,balanced_accuracy,0.35042735042735046,0.0,3,9,333,True
T1_maneuver_intensity_class,classical_baseline,leave_one_sortie_out,macro_f1,0.18877551020408165,2.7755575615628914e-17,3,6,333,True
T1_maneuver_intensity_class,classical_baseline,leave_one_sortie_out,balanced_accuracy,0.3333333333333333,5.551115123125783e-17,3,6,333,True
T2_next_window_physiology_response,chronaris_full,leave_one_view_out,rmse,838.121039184215,0.0,3,9,324,False
T2_next_window_physiology_response,chronaris_full,leave_one_view_out,mae,762.5578999733825,0.0,3,9,324,False
T2_next_window_physiology_response,chronaris_full,leave_one_view_out,nrmse,8.780987018657159,0.0,3,9,324,False
T2_next_window_physiology_response,chronaris_full,leave_one_sortie_out,rmse,1111.9789413467881,0.0,3,6,324,False
T2_next_window_physiology_response,chronaris_full,leave_one_sortie_out,mae,992.5238629050955,0.0,3,6,324,False
T2_next_window_physiology_response,chronaris_full,leave_one_sortie_out,nrmse,11.316336677838498,1.7763568394002505e-15,3,6,324,False
T2_next_window_physiology_response,mult,leave_one_view_out,rmse,344.28897466792205,0.39012733695348933,3,9,324,False
T2_next_window_physiology_response,mult,leave_one_view_out,mae,273.38187323676215,0.44201900052157767,3,9,324,False
T2_next_window_physiology_response,mult,leave_one_view_out,nrmse,2.237883859210544,0.004460222354869984,3,9,324,False
T2_next_window_physiology_response,mult,leave_one_sortie_out,rmse,413.4297629979357,0.47677424201918983,3,6,324,False
T2_next_window_physiology_response,mult,leave_one_sortie_out,mae,314.74521891276044,0.6979177690088495,3,6,324,False
T2_next_window_physiology_response,mult,leave_one_sortie_out,nrmse,2.042551100254059,0.0010909202937195918,3,6,324,False
T2_next_window_physiology_response,contiformer,leave_one_view_out,rmse,344.3351099592478,0.04584035336807745,3,9,324,False
T2_next_window_physiology_response,contiformer,leave_one_view_out,mae,273.5298546685113,0.04092673401392808,3,9,324,False
T2_next_window_physiology_response,contiformer,leave_one_view_out,nrmse,2.23608136177063,0.0014164156441138572,3,9,324,False
T2_next_window_physiology_response,contiformer,leave_one_sortie_out,rmse,414.28891750332235,0.27510888637347064,3,6,324,False
T2_next_window_physiology_response,contiformer,leave_one_sortie_out,mae,315.9285888671875,0.33338306773947374,3,6,324,False
T2_next_window_physiology_response,contiformer,leave_one_sortie_out,nrmse,2.046285331249237,0.0026529883972855346,3,6,324,False
T2_next_window_physiology_response,classical_baseline,leave_one_view_out,rmse,463.13663933056176,0.0,3,9,324,False
T2_next_window_physiology_response,classical_baseline,leave_one_view_out,mae,360.96902029588074,0.0,3,9,324,False
T2_next_window_physiology_response,classical_baseline,leave_one_view_out,nrmse,4.111481326727145,0.0,3,9,324,False
T2_next_window_physiology_response,classical_baseline,leave_one_sortie_out,rmse,11284.299174723108,0.0,3,6,324,False
T2_next_window_physiology_response,classical_baseline,leave_one_sortie_out,mae,8571.043220355687,0.0,3,6,324,False
T2_next_window_physiology_response,classical_baseline,leave_one_sortie_out,nrmse,141.462445537937,0.0,3,6,324,False
T3_paired_pilot_window_retrieval,chronaris_full,leave_one_view_out,top1,0.02702702702702703,0.0,3,6,222,True
T3_paired_pilot_window_retrieval,chronaris_full,leave_one_view_out,top3,0.09459459459459459,1.3877787807814457e-17,3,6,222,True
T3_paired_pilot_window_retrieval,chronaris_full,leave_one_view_out,top5,0.14864864864864866,0.0,3,6,222,True
T3_paired_pilot_window_retrieval,chronaris_full,leave_one_view_out,mrr,0.11994791108940954,1.3877787807814457e-17,3,6,222,True
T3_paired_pilot_window_retrieval,chronaris_full,leave_one_sortie_out,top1,0.02702702702702703,0.0,3,3,222,True
T3_paired_pilot_window_retrieval,chronaris_full,leave_one_sortie_out,top3,0.09459459459459459,1.3877787807814457e-17,3,3,222,True
T3_paired_pilot_window_retrieval,chronaris_full,leave_one_sortie_out,top5,0.14864864864864866,0.0,3,3,222,True
T3_paired_pilot_window_retrieval,chronaris_full,leave_one_sortie_out,mrr,0.11994791108940954,0.0,3,3,222,True
T3_paired_pilot_window_retrieval,mult,leave_one_view_out,top1,0.02702702702702703,0.0,3,6,222,True
T3_paired_pilot_window_retrieval,mult,leave_one_view_out,top3,0.0900900900900901,0.006370331362040969,3,6,222,True
T3_paired_pilot_window_retrieval,mult,leave_one_view_out,top5,0.14414414414414414,0.006370331362040969,3,6,222,True
T3_paired_pilot_window_retrieval,mult,leave_one_view_out,mrr,0.11781740220214387,0.0030058236200860727,3,6,222,True
T3_paired_pilot_window_retrieval,contiformer,leave_one_view_out,top1,0.02702702702702703,0.0,3,6,222,True
T3_paired_pilot_window_retrieval,contiformer,leave_one_view_out,top3,0.0855855855855856,0.006370331362040969,3,6,222,True
T3_paired_pilot_window_retrieval,contiformer,leave_one_view_out,top5,0.13963963963963963,0.006370331362040969,3,6,222,True
T3_paired_pilot_window_retrieval,contiformer,leave_one_view_out,mrr,0.11568689331487825,0.0030129945631274845,3,6,222,True
T3_paired_pilot_window_retrieval,naive_time_sync,leave_one_view_out,top1,0.02702702702702703,0.0,3,6,222,True
T3_paired_pilot_window_retrieval,naive_time_sync,leave_one_view_out,top3,0.08108108108108109,0.0,3,6,222,True
T3_paired_pilot_window_retrieval,naive_time_sync,leave_one_view_out,top5,0.13513513513513514,0.0,3,6,222,True
T3_paired_pilot_window_retrieval,naive_time_sync,leave_one_view_out,mrr,0.11355638442761258,1.3877787807814457e-17,3,6,222,True
T3_paired_pilot_window_retrieval,naive_time_sync,leave_one_sortie_out,top1,0.02702702702702703,0.0,3,3,222,True
T3_paired_pilot_window_retrieval,naive_time_sync,leave_one_sortie_out,top3,0.08108108108108109,0.0,3,3,222,True
T3_paired_pilot_window_retrieval,naive_time_sync,leave_one_sortie_out,top5,0.13513513513513514,0.0,3,3,222,True
T3_paired_pilot_window_retrieval,naive_time_sync,leave_one_sortie_out,mrr,0.11355638442761258,1.3877787807814457e-17,3,3,222,True
T3_paired_pilot_window_retrieval,classical_baseline,leave_one_view_out,top1,0.06756756756756757,0.0,3,6,222,True
T3_paired_pilot_window_retrieval,classical_baseline,leave_one_view_out,top3,0.12162162162162164,1.3877787807814457e-17,3,6,222,True
T3_paired_pilot_window_retrieval,classical_baseline,leave_one_view_out,top5,0.17567567567567569,0.0,3,6,222,True
T3_paired_pilot_window_retrieval,classical_baseline,leave_one_view_out,mrr,0.15295949410099252,0.0,3,6,222,True
T3_paired_pilot_window_retrieval,classical_baseline,leave_one_sortie_out,top1,0.06756756756756757,0.0,3,3,222,True
T3_paired_pilot_window_retrieval,classical_baseline,leave_one_sortie_out,top3,0.12162162162162164,1.3877787807814457e-17,3,3,222,True
T3_paired_pilot_window_retrieval,classical_baseline,leave_one_sortie_out,top5,0.17567567567567569,0.0,3,3,222,True
T3_paired_pilot_window_retrieval,classical_baseline,leave_one_sortie_out,mrr,0.15295949410099255,0.0,3,3,222,True
