fold_id,split_strategy,held_out_group,task_id,parameter_type,parameter_name,median_std,iqr_std,median_abs_delta,iqr_abs_delta,fit_sample_hash,exclusion_reason,lower_bound,upper_bound,iqr_delta,train_valid_ratio,representative_statistic,high_response_threshold,source_contract
leave_one_view_out__fold01,leave_one_view_out,20251002_单01_ACT-8_翼云_J16_12#01__pilot_10033,dingxin_maneuver_intensity_weak_classification_v2,semantic_scaler,acceleration_north,0.0545511562377214,0.0700611695647239,0.0413999993179459,0.1006999993696808,d78562fbcd98e27ad11950b425176c9a00fbb4b97247cce00e9c76ae20178da1,,,,,,,,g1_fold_fitted_aligned_window_statistics
leave_one_view_out__fold01,leave_one_view_out,20251002_单01_ACT-8_翼云_J16_12#01__pilot_10033,dingxin_maneuver_intensity_weak_classification_v2,semantic_scaler,acceleration_up,0.0419151429086923,0.0552396550774574,0.039249999448657,0.0841500011738389,d78562fbcd98e27ad11950b425176c9a00fbb4b97247cce00e9c76ae20178da1,,,,,,,,g1_fold_fitted_aligned_window_statistics
leave_one_view_out__fold01,leave_one_view_out,20251002_单01_ACT-8_翼云_J16_12#01__pilot_10033,dingxin_maneuver_intensity_weak_classification_v2,semantic_scaler,acceleration_west,0.0605634320527315,0.0868608262389898,0.0614499992225319,0.1075749967712909,d78562fbcd98e27ad11950b425176c9a00fbb4b97247cce00e9c76ae20178da1,,,,,,,,g1_fold_fitted_aligned_window_statistics
leave_one_view_out__fold01,leave_one_view_out,20251002_单01_ACT-8_翼云_J16_12#01__pilot_10033,dingxin_maneuver_intensity_weak_classification_v2,semantic_scaler_excluded,normal_load_normal,0.0,0.0,0.0,0.0,d78562fbcd98e27ad11950b425176c9a00fbb4b97247cce00e9c76ae20178da1,both_train_iqrs_are_zero,,,,,,,g1_fold_fitted_aligned_window_statistics
leave_one_view_out__fold01,leave_one_view_out,20251002_单01_ACT-8_翼云_J16_12#01__pilot_10033,dingxin_maneuver_intensity_weak_classification_v2,semantic_scaler,pitch,0.0074549922719597,0.003816123236902,0.0084996223449707,0.0122509002685546,d78562fbcd98e27ad11950b425176c9a00fbb4b97247cce00e9c76ae20178da1,,,,,,,,g1_fold_fitted_aligned_window_statistics
leave_one_view_out__fold01,leave_one_view_out,20251002_单01_ACT-8_翼云_J16_12#01__pilot_10033,dingxin_maneuver_intensity_weak_classification_v2,semantic_scaler,roll,0.0141357071697711,0.0139042302034795,0.0145000219345092,0.0189999639987945,d78562fbcd98e27ad11950b425176c9a00fbb4b97247cce00e9c76ae20178da1,,,,,,,,g1_fold_fitted_aligned_window_statistics
leave_one_view_out__fold01,leave_one_view_out,20251002_单01_ACT-8_翼云_J16_12#01__pilot_10033,dingxin_maneuver_intensity_weak_classification_v2,semantic_scaler_excluded,speed_north,0.0,0.0,0.0,0.0,d78562fbcd98e27ad11950b425176c9a00fbb4b97247cce00e9c76ae20178da1,both_train_iqrs_are_zero,,,,,,,g1_fold_fitted_aligned_window_statistics
leave_one_view_out__fold01,leave_one_view_out,20251002_单01_ACT-8_翼云_J16_12#01__pilot_10033,dingxin_maneuver_intensity_weak_classification_v2,semantic_scaler_excluded,speed_up,0.0,0.0,0.0,0.0,d78562fbcd98e27ad11950b425176c9a00fbb4b97247cce00e9c76ae20178da1,both_train_iqrs_are_zero,,,,,,,g1_fold_fitted_aligned_window_statistics
leave_one_view_out__fold01,leave_one_view_out,20251002_单01_ACT-8_翼云_J16_12#01__pilot_10033,dingxin_maneuver_intensity_weak_classification_v2,semantic_scaler_excluded,speed_west,0.0,0.0,0.0,0.0,d78562fbcd98e27ad11950b425176c9a00fbb4b97247cce00e9c76ae20178da1,both_train_iqrs_are_zero,,,,,,,g1_fold_fitted_aligned_window_statistics
leave_one_view_out__fold01,leave_one_view_out,20251002_单01_ACT-8_翼云_J16_12#01__pilot_10033,dingxin_maneuver_intensity_weak_classification_v2,semantic_scaler_excluded,yaw_or_heading,0.0,0.0,0.0,0.0,d78562fbcd98e27ad11950b425176c9a00fbb4b97247cce00e9c76ae20178da1,both_train_iqrs_are_zero,,,,,,,g1_fold_fitted_aligned_window_statistics
leave_one_view_out__fold01,leave_one_view_out,20251002_单01_ACT-8_翼云_J16_12#01__pilot_10033,dingxin_maneuver_intensity_weak_classification_v2,class_bounds,low_medium_high,,,,,d78562fbcd98e27ad11950b425176c9a00fbb4b97247cce00e9c76ae20178da1,,0.2722712886565713,0.6045567323548064,,,,,g1_fold_fitted_aligned_window_statistics
leave_one_view_out__fold02,leave_one_view_out,20251002_单01_ACT-8_翼云_J16_12#01__pilot_10035,dingxin_maneuver_intensity_weak_classification_v2,semantic_scaler,acceleration_north,0.0545511562377214,0.0700611695647239,0.0413999993179459,0.1006999993696808,5b34ade9afec82d9bc88adf33322414b8b900913b8d8b60b7173bf44103be55d,,,,,,,,g1_fold_fitted_aligned_window_statistics
leave_one_view_out__fold02,leave_one_view_out,20251002_单01_ACT-8_翼云_J16_12#01__pilot_10035,dingxin_maneuver_intensity_weak_classification_v2,semantic_scaler,acceleration_up,0.0419151429086923,0.0552396550774574,0.039249999448657,0.0841500011738389,5b34ade9afec82d9bc88adf33322414b8b900913b8d8b60b7173bf44103be55d,,,,,,,,g1_fold_fitted_aligned_window_statistics
leave_one_view_out__fold02,leave_one_view_out,20251002_单01_ACT-8_翼云_J16_12#01__pilot_10035,dingxin_maneuver_intensity_weak_classification_v2,semantic_scaler,acceleration_west,0.0605634320527315,0.0868608262389898,0.0614499992225319,0.1075749967712909,5b34ade9afec82d9bc88adf33322414b8b900913b8d8b60b7173bf44103be55d,,,,,,,,g1_fold_fitted_aligned_window_statistics
leave_one_view_out__fold02,leave_one_view_out,20251002_单01_ACT-8_翼云_J16_12#01__pilot_10035,dingxin_maneuver_intensity_weak_classification_v2,semantic_scaler_excluded,normal_load_normal,0.0,0.0,0.0,0.0,5b34ade9afec82d9bc88adf33322414b8b900913b8d8b60b7173bf44103be55d,both_train_iqrs_are_zero,,,,,,,g1_fold_fitted_aligned_window_statistics
leave_one_view_out__fold02,leave_one_view_out,20251002_单01_ACT-8_翼云_J16_12#01__pilot_10035,dingxin_maneuver_intensity_weak_classification_v2,semantic_scaler,pitch,0.0074549922719597,0.003816123236902,0.0084996223449707,0.0122509002685546,5b34ade9afec82d9bc88adf33322414b8b900913b8d8b60b7173bf44103be55d,,,,,,,,g1_fold_fitted_aligned_window_statistics
leave_one_view_out__fold02,leave_one_view_out,20251002_单01_ACT-8_翼云_J16_12#01__pilot_10035,dingxin_maneuver_intensity_weak_classification_v2,semantic_scaler,roll,0.0141357071697711,0.0139042302034795,0.0145000219345092,0.0189999639987945,5b34ade9afec82d9bc88adf33322414b8b900913b8d8b60b7173bf44103be55d,,,,,,,,g1_fold_fitted_aligned_window_statistics
leave_one_view_out__fold02,leave_one_view_out,20251002_单01_ACT-8_翼云_J16_12#01__pilot_10035,dingxin_maneuver_intensity_weak_classification_v2,semantic_scaler_excluded,speed_north,0.0,0.0,0.0,0.0,5b34ade9afec82d9bc88adf33322414b8b900913b8d8b60b7173bf44103be55d,both_train_iqrs_are_zero,,,,,,,g1_fold_fitted_aligned_window_statistics
leave_one_view_out__fold02,leave_one_view_out,20251002_单01_ACT-8_翼云_J16_12#01__pilot_10035,dingxin_maneuver_intensity_weak_classification_v2,semantic_scaler_excluded,speed_up,0.0,0.0,0.0,0.0,5b34ade9afec82d9bc88adf33322414b8b900913b8d8b60b7173bf44103be55d,both_train_iqrs_are_zero,,,,,,,g1_fold_fitted_aligned_window_statistics
leave_one_view_out__fold02,leave_one_view_out,20251002_单01_ACT-8_翼云_J16_12#01__pilot_10035,dingxin_maneuver_intensity_weak_classification_v2,semantic_scaler_excluded,speed_west,0.0,0.0,0.0,0.0,5b34ade9afec82d9bc88adf33322414b8b900913b8d8b60b7173bf44103be55d,both_train_iqrs_are_zero,,,,,,,g1_fold_fitted_aligned_window_statistics
leave_one_view_out__fold02,leave_one_view_out,20251002_单01_ACT-8_翼云_J16_12#01__pilot_10035,dingxin_maneuver_intensity_weak_classification_v2,semantic_scaler_excluded,yaw_or_heading,0.0,0.0,0.0,0.0,5b34ade9afec82d9bc88adf33322414b8b900913b8d8b60b7173bf44103be55d,both_train_iqrs_are_zero,,,,,,,g1_fold_fitted_aligned_window_statistics
leave_one_view_out__fold02,leave_one_view_out,20251002_单01_ACT-8_翼云_J16_12#01__pilot_10035,dingxin_maneuver_intensity_weak_classification_v2,class_bounds,low_medium_high,,,,,5b34ade9afec82d9bc88adf33322414b8b900913b8d8b60b7173bf44103be55d,,0.2722712886565713,0.6045567323548064,,,,,g1_fold_fitted_aligned_window_statistics
leave_one_view_out__fold03,leave_one_view_out,20251005_四01_ACT-4_云_J20_22#01__pilot_10033,dingxin_maneuver_intensity_weak_classification_v2,semantic_scaler,acceleration_north,0.0545511562377214,0.0700611695647239,0.0413999993179459,0.1006999993696808,9e4be28979433b6256c838ba308870f79a37c1247251e77d19d2ba71161e5fcb,,,,,,,,g1_fold_fitted_aligned_window_statistics
leave_one_view_out__fold03,leave_one_view_out,20251005_四01_ACT-4_云_J20_22#01__pilot_10033,dingxin_maneuver_intensity_weak_classification_v2,semantic_scaler,acceleration_up,0.0419151429086923,0.0552396550774574,0.039249999448657,0.0841500011738389,9e4be28979433b6256c838ba308870f79a37c1247251e77d19d2ba71161e5fcb,,,,,,,,g1_fold_fitted_aligned_window_statistics
leave_one_view_out__fold03,leave_one_view_out,20251005_四01_ACT-4_云_J20_22#01__pilot_10033,dingxin_maneuver_intensity_weak_classification_v2,semantic_scaler,acceleration_west,0.0605634320527315,0.0868608262389898,0.0614499992225319,0.1075749967712909,9e4be28979433b6256c838ba308870f79a37c1247251e77d19d2ba71161e5fcb,,,,,,,,g1_fold_fitted_aligned_window_statistics
leave_one_view_out__fold03,leave_one_view_out,20251005_四01_ACT-4_云_J20_22#01__pilot_10033,dingxin_maneuver_intensity_weak_classification_v2,semantic_scaler_excluded,normal_load_normal,0.0,0.0,0.0,0.0,9e4be28979433b6256c838ba308870f79a37c1247251e77d19d2ba71161e5fcb,both_train_iqrs_are_zero,,,,,,,g1_fold_fitted_aligned_window_statistics
leave_one_view_out__fold03,leave_one_view_out,20251005_四01_ACT-4_云_J20_22#01__pilot_10033,dingxin_maneuver_intensity_weak_classification_v2,semantic_scaler,pitch,0.0074549922719597,0.003816123236902,0.0084996223449707,0.0122509002685546,9e4be28979433b6256c838ba308870f79a37c1247251e77d19d2ba71161e5fcb,,,,,,,,g1_fold_fitted_aligned_window_statistics
leave_one_view_out__fold03,leave_one_view_out,20251005_四01_ACT-4_云_J20_22#01__pilot_10033,dingxin_maneuver_intensity_weak_classification_v2,semantic_scaler,roll,0.0141357071697711,0.0139042302034795,0.0145000219345092,0.0189999639987945,9e4be28979433b6256c838ba308870f79a37c1247251e77d19d2ba71161e5fcb,,,,,,,,g1_fold_fitted_aligned_window_statistics
leave_one_view_out__fold03,leave_one_view_out,20251005_四01_ACT-4_云_J20_22#01__pilot_10033,dingxin_maneuver_intensity_weak_classification_v2,semantic_scaler_excluded,speed_north,0.0,0.0,0.0,0.0,9e4be28979433b6256c838ba308870f79a37c1247251e77d19d2ba71161e5fcb,both_train_iqrs_are_zero,,,,,,,g1_fold_fitted_aligned_window_statistics
leave_one_view_out__fold03,leave_one_view_out,20251005_四01_ACT-4_云_J20_22#01__pilot_10033,dingxin_maneuver_intensity_weak_classification_v2,semantic_scaler_excluded,speed_up,0.0,0.0,0.0,0.0,9e4be28979433b6256c838ba308870f79a37c1247251e77d19d2ba71161e5fcb,both_train_iqrs_are_zero,,,,,,,g1_fold_fitted_aligned_window_statistics
leave_one_view_out__fold03,leave_one_view_out,20251005_四01_ACT-4_云_J20_22#01__pilot_10033,dingxin_maneuver_intensity_weak_classification_v2,semantic_scaler_excluded,speed_west,0.0,0.0,0.0,0.0,9e4be28979433b6256c838ba308870f79a37c1247251e77d19d2ba71161e5fcb,both_train_iqrs_are_zero,,,,,,,g1_fold_fitted_aligned_window_statistics
leave_one_view_out__fold03,leave_one_view_out,20251005_四01_ACT-4_云_J20_22#01__pilot_10033,dingxin_maneuver_intensity_weak_classification_v2,semantic_scaler_excluded,yaw_or_heading,0.0,0.0,0.0,0.0,9e4be28979433b6256c838ba308870f79a37c1247251e77d19d2ba71161e5fcb,both_train_iqrs_are_zero,,,,,,,g1_fold_fitted_aligned_window_statistics
leave_one_view_out__fold03,leave_one_view_out,20251005_四01_ACT-4_云_J20_22#01__pilot_10033,dingxin_maneuver_intensity_weak_classification_v2,class_bounds,low_medium_high,,,,,9e4be28979433b6256c838ba308870f79a37c1247251e77d19d2ba71161e5fcb,,0.2722712886565713,0.6045567323548064,,,,,g1_fold_fitted_aligned_window_statistics
leave_one_sortie_out__fold01,leave_one_sortie_out,20251002_单01_ACT-8_翼云_J16_12#01,dingxin_maneuver_intensity_weak_classification_v2,semantic_scaler,acceleration_north,0.0545511562377214,0.0700611695647239,0.0413999993179459,0.1006999993696808,e128ef9b82b37fc3e8400f37df1e0f609a988bc430b203546a3e2eff609c2666,,,,,,,,g1_fold_fitted_aligned_window_statistics
leave_one_sortie_out__fold01,leave_one_sortie_out,20251002_单01_ACT-8_翼云_J16_12#01,dingxin_maneuver_intensity_weak_classification_v2,semantic_scaler,acceleration_up,0.0419151429086923,0.0552396550774574,0.039249999448657,0.0841500011738389,e128ef9b82b37fc3e8400f37df1e0f609a988bc430b203546a3e2eff609c2666,,,,,,,,g1_fold_fitted_aligned_window_statistics
leave_one_sortie_out__fold01,leave_one_sortie_out,20251002_单01_ACT-8_翼云_J16_12#01,dingxin_maneuver_intensity_weak_classification_v2,semantic_scaler,acceleration_west,0.0605634320527315,0.0868608262389898,0.0614499992225319,0.1075749967712909,e128ef9b82b37fc3e8400f37df1e0f609a988bc430b203546a3e2eff609c2666,,,,,,,,g1_fold_fitted_aligned_window_statistics
leave_one_sortie_out__fold01,leave_one_sortie_out,20251002_单01_ACT-8_翼云_J16_12#01,dingxin_maneuver_intensity_weak_classification_v2,semantic_scaler_excluded,normal_load_normal,0.0,0.0,0.0,0.0,e128ef9b82b37fc3e8400f37df1e0f609a988bc430b203546a3e2eff609c2666,both_train_iqrs_are_zero,,,,,,,g1_fold_fitted_aligned_window_statistics
leave_one_sortie_out__fold01,leave_one_sortie_out,20251002_单01_ACT-8_翼云_J16_12#01,dingxin_maneuver_intensity_weak_classification_v2,semantic_scaler,pitch,0.0074549922719597,0.003816123236902,0.0084996223449707,0.0122509002685546,e128ef9b82b37fc3e8400f37df1e0f609a988bc430b203546a3e2eff609c2666,,,,,,,,g1_fold_fitted_aligned_window_statistics
leave_one_sortie_out__fold01,leave_one_sortie_out,20251002_单01_ACT-8_翼云_J16_12#01,dingxin_maneuver_intensity_weak_classification_v2,semantic_scaler,roll,0.0141357071697711,0.0139042302034795,0.0145000219345092,0.0189999639987945,e128ef9b82b37fc3e8400f37df1e0f609a988bc430b203546a3e2eff609c2666,,,,,,,,g1_fold_fitted_aligned_window_statistics
leave_one_sortie_out__fold01,leave_one_sortie_out,20251002_单01_ACT-8_翼云_J16_12#01,dingxin_maneuver_intensity_weak_classification_v2,semantic_scaler_excluded,speed_north,0.0,0.0,0.0,0.0,e128ef9b82b37fc3e8400f37df1e0f609a988bc430b203546a3e2eff609c2666,both_train_iqrs_are_zero,,,,,,,g1_fold_fitted_aligned_window_statistics
leave_one_sortie_out__fold01,leave_one_sortie_out,20251002_单01_ACT-8_翼云_J16_12#01,dingxin_maneuver_intensity_weak_classification_v2,semantic_scaler_excluded,speed_up,0.0,0.0,0.0,0.0,e128ef9b82b37fc3e8400f37df1e0f609a988bc430b203546a3e2eff609c2666,both_train_iqrs_are_zero,,,,,,,g1_fold_fitted_aligned_window_statistics
leave_one_sortie_out__fold01,leave_one_sortie_out,20251002_单01_ACT-8_翼云_J16_12#01,dingxin_maneuver_intensity_weak_classification_v2,semantic_scaler_excluded,speed_west,0.0,0.0,0.0,0.0,e128ef9b82b37fc3e8400f37df1e0f609a988bc430b203546a3e2eff609c2666,both_train_iqrs_are_zero,,,,,,,g1_fold_fitted_aligned_window_statistics
leave_one_sortie_out__fold01,leave_one_sortie_out,20251002_单01_ACT-8_翼云_J16_12#01,dingxin_maneuver_intensity_weak_classification_v2,semantic_scaler_excluded,yaw_or_heading,0.0,0.0,0.0,0.0,e128ef9b82b37fc3e8400f37df1e0f609a988bc430b203546a3e2eff609c2666,both_train_iqrs_are_zero,,,,,,,g1_fold_fitted_aligned_window_statistics
leave_one_sortie_out__fold01,leave_one_sortie_out,20251002_单01_ACT-8_翼云_J16_12#01,dingxin_maneuver_intensity_weak_classification_v2,class_bounds,low_medium_high,,,,,e128ef9b82b37fc3e8400f37df1e0f609a988bc430b203546a3e2eff609c2666,,0.2773764739216076,0.5693232574340588,,,,,g1_fold_fitted_aligned_window_statistics
leave_one_sortie_out__fold02,leave_one_sortie_out,20251005_四01_ACT-4_云_J20_22#01,dingxin_maneuver_intensity_weak_classification_v2,semantic_scaler,acceleration_north,0.0545511562377214,0.0700611695647239,0.0413999993179459,0.1006999993696808,9e4be28979433b6256c838ba308870f79a37c1247251e77d19d2ba71161e5fcb,,,,,,,,g1_fold_fitted_aligned_window_statistics
leave_one_sortie_out__fold02,leave_one_sortie_out,20251005_四01_ACT-4_云_J20_22#01,dingxin_maneuver_intensity_weak_classification_v2,semantic_scaler,acceleration_up,0.0419151429086923,0.0552396550774574,0.039249999448657,0.0841500011738389,9e4be28979433b6256c838ba308870f79a37c1247251e77d19d2ba71161e5fcb,,,,,,,,g1_fold_fitted_aligned_window_statistics
leave_one_sortie_out__fold02,leave_one_sortie_out,20251005_四01_ACT-4_云_J20_22#01,dingxin_maneuver_intensity_weak_classification_v2,semantic_scaler,acceleration_west,0.0605634320527315,0.0868608262389898,0.0614499992225319,0.1075749967712909,9e4be28979433b6256c838ba308870f79a37c1247251e77d19d2ba71161e5fcb,,,,,,,,g1_fold_fitted_aligned_window_statistics
leave_one_sortie_out__fold02,leave_one_sortie_out,20251005_四01_ACT-4_云_J20_22#01,dingxin_maneuver_intensity_weak_classification_v2,semantic_scaler_excluded,normal_load_normal,0.0,0.0,0.0,0.0,9e4be28979433b6256c838ba308870f79a37c1247251e77d19d2ba71161e5fcb,both_train_iqrs_are_zero,,,,,,,g1_fold_fitted_aligned_window_statistics
leave_one_sortie_out__fold02,leave_one_sortie_out,20251005_四01_ACT-4_云_J20_22#01,dingxin_maneuver_intensity_weak_classification_v2,semantic_scaler,pitch,0.0074549922719597,0.003816123236902,0.0084996223449707,0.0122509002685546,9e4be28979433b6256c838ba308870f79a37c1247251e77d19d2ba71161e5fcb,,,,,,,,g1_fold_fitted_aligned_window_statistics
leave_one_sortie_out__fold02,leave_one_sortie_out,20251005_四01_ACT-4_云_J20_22#01,dingxin_maneuver_intensity_weak_classification_v2,semantic_scaler,roll,0.0141357071697711,0.0139042302034795,0.0145000219345092,0.0189999639987945,9e4be28979433b6256c838ba308870f79a37c1247251e77d19d2ba71161e5fcb,,,,,,,,g1_fold_fitted_aligned_window_statistics
leave_one_sortie_out__fold02,leave_one_sortie_out,20251005_四01_ACT-4_云_J20_22#01,dingxin_maneuver_intensity_weak_classification_v2,semantic_scaler_excluded,speed_north,0.0,0.0,0.0,0.0,9e4be28979433b6256c838ba308870f79a37c1247251e77d19d2ba71161e5fcb,both_train_iqrs_are_zero,,,,,,,g1_fold_fitted_aligned_window_statistics
leave_one_sortie_out__fold02,leave_one_sortie_out,20251005_四01_ACT-4_云_J20_22#01,dingxin_maneuver_intensity_weak_classification_v2,semantic_scaler_excluded,speed_up,0.0,0.0,0.0,0.0,9e4be28979433b6256c838ba308870f79a37c1247251e77d19d2ba71161e5fcb,both_train_iqrs_are_zero,,,,,,,g1_fold_fitted_aligned_window_statistics
leave_one_sortie_out__fold02,leave_one_sortie_out,20251005_四01_ACT-4_云_J20_22#01,dingxin_maneuver_intensity_weak_classification_v2,semantic_scaler_excluded,speed_west,0.0,0.0,0.0,0.0,9e4be28979433b6256c838ba308870f79a37c1247251e77d19d2ba71161e5fcb,both_train_iqrs_are_zero,,,,,,,g1_fold_fitted_aligned_window_statistics
leave_one_sortie_out__fold02,leave_one_sortie_out,20251005_四01_ACT-4_云_J20_22#01,dingxin_maneuver_intensity_weak_classification_v2,semantic_scaler_excluded,yaw_or_heading,0.0,0.0,0.0,0.0,9e4be28979433b6256c838ba308870f79a37c1247251e77d19d2ba71161e5fcb,both_train_iqrs_are_zero,,,,,,,g1_fold_fitted_aligned_window_statistics
leave_one_sortie_out__fold02,leave_one_sortie_out,20251005_四01_ACT-4_云_J20_22#01,dingxin_maneuver_intensity_weak_classification_v2,class_bounds,low_medium_high,,,,,9e4be28979433b6256c838ba308870f79a37c1247251e77d19d2ba71161e5fcb,,0.2722712886565713,0.6045567323548064,,,,,g1_fold_fitted_aligned_window_statistics
leave_one_view_out__fold01,,,dingxin_future_physiology_response_v2_raw_median_v1,response_field_scale,eeg.af3,,,,,d5acf18922cf6486f94e56152d9d29a3fa415fbe788be791f56e985894997fe4,,,,65.84822082519531,1.0,raw_window_median,,fixed_raw_point_window_median
leave_one_view_out__fold01,,,dingxin_future_physiology_response_v2_raw_median_v1,response_field_scale,eeg.af4,,,,,d5acf18922cf6486f94e56152d9d29a3fa415fbe788be791f56e985894997fe4,,,,77.04365539550781,1.0,raw_window_median,,fixed_raw_point_window_median
leave_one_view_out__fold01,,,dingxin_future_physiology_response_v2_raw_median_v1,response_field_scale,eeg.f3,,,,,d5acf18922cf6486f94e56152d9d29a3fa415fbe788be791f56e985894997fe4,,,,78.2252197265625,1.0,raw_window_median,,fixed_raw_point_window_median
leave_one_view_out__fold01,,,dingxin_future_physiology_response_v2_raw_median_v1,response_field_scale,eeg.f4,,,,,d5acf18922cf6486f94e56152d9d29a3fa415fbe788be791f56e985894997fe4,,,,68.804443359375,1.0,raw_window_median,,fixed_raw_point_window_median
leave_one_view_out__fold01,,,dingxin_future_physiology_response_v2_raw_median_v1,response_field_scale,eeg.f7,,,,,d5acf18922cf6486f94e56152d9d29a3fa415fbe788be791f56e985894997fe4,,,,66.20864808559418,1.0,raw_window_median,,fixed_raw_point_window_median
leave_one_view_out__fold01,,,dingxin_future_physiology_response_v2_raw_median_v1,response_field_scale,eeg.f8,,,,,d5acf18922cf6486f94e56152d9d29a3fa415fbe788be791f56e985894997fe4,,,,71.22100830078125,1.0,raw_window_median,,fixed_raw_point_window_median
leave_one_view_out__fold01,,,dingxin_future_physiology_response_v2_raw_median_v1,response_field_scale,eeg.fp1,,,,,d5acf18922cf6486f94e56152d9d29a3fa415fbe788be791f56e985894997fe4,,,,68.43543410301208,1.0,raw_window_median,,fixed_raw_point_window_median
leave_one_view_out__fold01,,,dingxin_future_physiology_response_v2_raw_median_v1,response_field_scale,eeg.fp2,,,,,d5acf18922cf6486f94e56152d9d29a3fa415fbe788be791f56e985894997fe4,,,,82.27947998046875,1.0,raw_window_median,,fixed_raw_point_window_median
leave_one_view_out__fold01,,,dingxin_future_physiology_response_v2_raw_median_v1,response_field_scale,eeg.fpz,,,,,d5acf18922cf6486f94e56152d9d29a3fa415fbe788be791f56e985894997fe4,,,,70.9029541015625,1.0,raw_window_median,,fixed_raw_point_window_median
leave_one_view_out__fold01,,,dingxin_future_physiology_response_v2_raw_median_v1,response_field_scale,eeg.fz,,,,,d5acf18922cf6486f94e56152d9d29a3fa415fbe788be791f56e985894997fe4,,,,339.7919921875,1.0,raw_window_median,,fixed_raw_point_window_median
leave_one_view_out__fold01,,,dingxin_future_physiology_response_v2_raw_median_v1,response_field_scale,spo2.toi1,,,,,d5acf18922cf6486f94e56152d9d29a3fa415fbe788be791f56e985894997fe4,,,,0.741093635559082,1.0,raw_window_median,,fixed_raw_point_window_median
leave_one_view_out__fold01,,,dingxin_future_physiology_response_v2_raw_median_v1,response_field_scale,spo2.toi2,,,,,d5acf18922cf6486f94e56152d9d29a3fa415fbe788be791f56e985894997fe4,,,,0.62103271484375,1.0,raw_window_median,,fixed_raw_point_window_median
leave_one_view_out__fold01,,,dingxin_future_physiology_response_v2_raw_median_v1,high_response_bound,train_q75,,,,,d5acf18922cf6486f94e56152d9d29a3fa415fbe788be791f56e985894997fe4,,,,,,raw_window_median,1.2516832397785098,fixed_raw_point_window_median
leave_one_view_out__fold02,,,dingxin_future_physiology_response_v2_raw_median_v1,response_field_scale,eeg.af3,,,,,7ca63916645d4793980be8b013cf87133e6c0e92361ecfdca77dd068d304ddea,,,,65.84822082519531,1.0,raw_window_median,,fixed_raw_point_window_median
leave_one_view_out__fold02,,,dingxin_future_physiology_response_v2_raw_median_v1,response_field_scale,eeg.af4,,,,,7ca63916645d4793980be8b013cf87133e6c0e92361ecfdca77dd068d304ddea,,,,77.04365539550781,1.0,raw_window_median,,fixed_raw_point_window_median
leave_one_view_out__fold02,,,dingxin_future_physiology_response_v2_raw_median_v1,response_field_scale,eeg.f3,,,,,7ca63916645d4793980be8b013cf87133e6c0e92361ecfdca77dd068d304ddea,,,,78.2252197265625,1.0,raw_window_median,,fixed_raw_point_window_median
leave_one_view_out__fold02,,,dingxin_future_physiology_response_v2_raw_median_v1,response_field_scale,eeg.f4,,,,,7ca63916645d4793980be8b013cf87133e6c0e92361ecfdca77dd068d304ddea,,,,68.804443359375,1.0,raw_window_median,,fixed_raw_point_window_median
leave_one_view_out__fold02,,,dingxin_future_physiology_response_v2_raw_median_v1,response_field_scale,eeg.f7,,,,,7ca63916645d4793980be8b013cf87133e6c0e92361ecfdca77dd068d304ddea,,,,66.20864808559418,1.0,raw_window_median,,fixed_raw_point_window_median
leave_one_view_out__fold02,,,dingxin_future_physiology_response_v2_raw_median_v1,response_field_scale,eeg.f8,,,,,7ca63916645d4793980be8b013cf87133e6c0e92361ecfdca77dd068d304ddea,,,,71.22100830078125,1.0,raw_window_median,,fixed_raw_point_window_median
leave_one_view_out__fold02,,,dingxin_future_physiology_response_v2_raw_median_v1,response_field_scale,eeg.fp1,,,,,7ca63916645d4793980be8b013cf87133e6c0e92361ecfdca77dd068d304ddea,,,,68.43543410301208,1.0,raw_window_median,,fixed_raw_point_window_median
leave_one_view_out__fold02,,,dingxin_future_physiology_response_v2_raw_median_v1,response_field_scale,eeg.fp2,,,,,7ca63916645d4793980be8b013cf87133e6c0e92361ecfdca77dd068d304ddea,,,,82.27947998046875,1.0,raw_window_median,,fixed_raw_point_window_median
leave_one_view_out__fold02,,,dingxin_future_physiology_response_v2_raw_median_v1,response_field_scale,eeg.fpz,,,,,7ca63916645d4793980be8b013cf87133e6c0e92361ecfdca77dd068d304ddea,,,,70.9029541015625,1.0,raw_window_median,,fixed_raw_point_window_median
leave_one_view_out__fold02,,,dingxin_future_physiology_response_v2_raw_median_v1,response_field_scale,eeg.fz,,,,,7ca63916645d4793980be8b013cf87133e6c0e92361ecfdca77dd068d304ddea,,,,339.7919921875,1.0,raw_window_median,,fixed_raw_point_window_median
leave_one_view_out__fold02,,,dingxin_future_physiology_response_v2_raw_median_v1,response_field_scale,spo2.toi1,,,,,7ca63916645d4793980be8b013cf87133e6c0e92361ecfdca77dd068d304ddea,,,,0.741093635559082,1.0,raw_window_median,,fixed_raw_point_window_median
leave_one_view_out__fold02,,,dingxin_future_physiology_response_v2_raw_median_v1,response_field_scale,spo2.toi2,,,,,7ca63916645d4793980be8b013cf87133e6c0e92361ecfdca77dd068d304ddea,,,,0.62103271484375,1.0,raw_window_median,,fixed_raw_point_window_median
leave_one_view_out__fold02,,,dingxin_future_physiology_response_v2_raw_median_v1,high_response_bound,train_q75,,,,,7ca63916645d4793980be8b013cf87133e6c0e92361ecfdca77dd068d304ddea,,,,,,raw_window_median,1.2516832397785098,fixed_raw_point_window_median
leave_one_view_out__fold03,,,dingxin_future_physiology_response_v2_raw_median_v1,response_field_scale,eeg.af3,,,,,a80051b3afd408ff91d49cfa2b620d7bb6a8e91911fa45b46c30e6290a03e24c,,,,49.55378723144531,1.0,raw_window_median,,fixed_raw_point_window_median
leave_one_view_out__fold03,,,dingxin_future_physiology_response_v2_raw_median_v1,response_field_scale,eeg.af4,,,,,a80051b3afd408ff91d49cfa2b620d7bb6a8e91911fa45b46c30e6290a03e24c,,,,71.70440673828125,1.0,raw_window_median,,fixed_raw_point_window_median
leave_one_view_out__fold03,,,dingxin_future_physiology_response_v2_raw_median_v1,response_field_scale,eeg.f3,,,,,a80051b3afd408ff91d49cfa2b620d7bb6a8e91911fa45b46c30e6290a03e24c,,,,79.3935546875,1.0,raw_window_median,,fixed_raw_point_window_median
leave_one_view_out__fold03,,,dingxin_future_physiology_response_v2_raw_median_v1,response_field_scale,eeg.f4,,,,,a80051b3afd408ff91d49cfa2b620d7bb6a8e91911fa45b46c30e6290a03e24c,,,,64.227783203125,1.0,raw_window_median,,fixed_raw_point_window_median
leave_one_view_out__fold03,,,dingxin_future_physiology_response_v2_raw_median_v1,response_field_scale,eeg.f7,,,,,a80051b3afd408ff91d49cfa2b620d7bb6a8e91911fa45b46c30e6290a03e24c,,,,49.93379020690918,1.0,raw_window_median,,fixed_raw_point_window_median
leave_one_view_out__fold03,,,dingxin_future_physiology_response_v2_raw_median_v1,response_field_scale,eeg.f8,,,,,a80051b3afd408ff91d49cfa2b620d7bb6a8e91911fa45b46c30e6290a03e24c,,,,61.947998046875,1.0,raw_window_median,,fixed_raw_point_window_median
leave_one_view_out__fold03,,,dingxin_future_physiology_response_v2_raw_median_v1,response_field_scale,eeg.fp1,,,,,a80051b3afd408ff91d49cfa2b620d7bb6a8e91911fa45b46c30e6290a03e24c,,,,55.7452392578125,1.0,raw_window_median,,fixed_raw_point_window_median
leave_one_view_out__fold03,,,dingxin_future_physiology_response_v2_raw_median_v1,response_field_scale,eeg.fp2,,,,,a80051b3afd408ff91d49cfa2b620d7bb6a8e91911fa45b46c30e6290a03e24c,,,,69.8380126953125,1.0,raw_window_median,,fixed_raw_point_window_median
leave_one_view_out__fold03,,,dingxin_future_physiology_response_v2_raw_median_v1,response_field_scale,eeg.fpz,,,,,a80051b3afd408ff91d49cfa2b620d7bb6a8e91911fa45b46c30e6290a03e24c,,,,49.7216796875,1.0,raw_window_median,,fixed_raw_point_window_median
leave_one_view_out__fold03,,,dingxin_future_physiology_response_v2_raw_median_v1,response_field_excluded,eeg.fz,,,,,a80051b3afd408ff91d49cfa2b620d7bb6a8e91911fa45b46c30e6290a03e24c,train_iqr_is_zero,,,0.0,1.0,raw_window_median,,fixed_raw_point_window_median
leave_one_view_out__fold03,,,dingxin_future_physiology_response_v2_raw_median_v1,response_field_scale,spo2.toi1,,,,,a80051b3afd408ff91d49cfa2b620d7bb6a8e91911fa45b46c30e6290a03e24c,,,,0.8635635375976562,1.0,raw_window_median,,fixed_raw_point_window_median
leave_one_view_out__fold03,,,dingxin_future_physiology_response_v2_raw_median_v1,response_field_scale,spo2.toi2,,,,,a80051b3afd408ff91d49cfa2b620d7bb6a8e91911fa45b46c30e6290a03e24c,,,,0.5370330810546875,1.0,raw_window_median,,fixed_raw_point_window_median
leave_one_view_out__fold03,,,dingxin_future_physiology_response_v2_raw_median_v1,high_response_bound,train_q75,,,,,a80051b3afd408ff91d49cfa2b620d7bb6a8e91911fa45b46c30e6290a03e24c,,,,,,raw_window_median,1.1292972648777704,fixed_raw_point_window_median
leave_one_sortie_out__fold01,,,dingxin_future_physiology_response_v2_raw_median_v1,response_field_scale,eeg.af3,,,,,37138483544702a1aa4b71c8285212489167d4caef08a05434ef31f264bb1573,,,,73.49812316894531,1.0,raw_window_median,,fixed_raw_point_window_median
leave_one_sortie_out__fold01,,,dingxin_future_physiology_response_v2_raw_median_v1,response_field_scale,eeg.af4,,,,,37138483544702a1aa4b71c8285212489167d4caef08a05434ef31f264bb1573,,,,80.58083724975586,1.0,raw_window_median,,fixed_raw_point_window_median
leave_one_sortie_out__fold01,,,dingxin_future_physiology_response_v2_raw_median_v1,response_field_scale,eeg.f3,,,,,37138483544702a1aa4b71c8285212489167d4caef08a05434ef31f264bb1573,,,,65.482177734375,1.0,raw_window_median,,fixed_raw_point_window_median
leave_one_sortie_out__fold01,,,dingxin_future_physiology_response_v2_raw_median_v1,response_field_scale,eeg.f4,,,,,37138483544702a1aa4b71c8285212489167d4caef08a05434ef31f264bb1573,,,,84.43084716796875,1.0,raw_window_median,,fixed_raw_point_window_median
leave_one_sortie_out__fold01,,,dingxin_future_physiology_response_v2_raw_median_v1,response_field_scale,eeg.f7,,,,,37138483544702a1aa4b71c8285212489167d4caef08a05434ef31f264bb1573,,,,91.12805211544037,1.0,raw_window_median,,fixed_raw_point_window_median
leave_one_sortie_out__fold01,,,dingxin_future_physiology_response_v2_raw_median_v1,response_field_scale,eeg.f8,,,,,37138483544702a1aa4b71c8285212489167d4caef08a05434ef31f264bb1573,,,,73.5511474609375,1.0,raw_window_median,,fixed_raw_point_window_median
leave_one_sortie_out__fold01,,,dingxin_future_physiology_response_v2_raw_median_v1,response_field_scale,eeg.fp1,,,,,37138483544702a1aa4b71c8285212489167d4caef08a05434ef31f264bb1573,,,,87.70264101028442,1.0,raw_window_median,,fixed_raw_point_window_median
leave_one_sortie_out__fold01,,,dingxin_future_physiology_response_v2_raw_median_v1,response_field_scale,eeg.fp2,,,,,37138483544702a1aa4b71c8285212489167d4caef08a05434ef31f264bb1573,,,,89.78973388671875,1.0,raw_window_median,,fixed_raw_point_window_median
leave_one_sortie_out__fold01,,,dingxin_future_physiology_response_v2_raw_median_v1,response_field_scale,eeg.fpz,,,,,37138483544702a1aa4b71c8285212489167d4caef08a05434ef31f264bb1573,,,,92.874267578125,1.0,raw_window_median,,fixed_raw_point_window_median
leave_one_sortie_out__fold01,,,dingxin_future_physiology_response_v2_raw_median_v1,response_field_scale,eeg.fz,,,,,37138483544702a1aa4b71c8285212489167d4caef08a05434ef31f264bb1573,,,,259.640625,1.0,raw_window_median,,fixed_raw_point_window_median
leave_one_sortie_out__fold01,,,dingxin_future_physiology_response_v2_raw_median_v1,response_field_scale,spo2.toi1,,,,,37138483544702a1aa4b71c8285212489167d4caef08a05434ef31f264bb1573,,,,0.5917949676513672,1.0,raw_window_median,,fixed_raw_point_window_median
leave_one_sortie_out__fold01,,,dingxin_future_physiology_response_v2_raw_median_v1,response_field_scale,spo2.toi2,,,,,37138483544702a1aa4b71c8285212489167d4caef08a05434ef31f264bb1573,,,,0.717437744140625,1.0,raw_window_median,,fixed_raw_point_window_median
leave_one_sortie_out__fold01,,,dingxin_future_physiology_response_v2_raw_median_v1,high_response_bound,train_q75,,,,,37138483544702a1aa4b71c8285212489167d4caef08a05434ef31f264bb1573,,,,,,raw_window_median,1.2334345920995236,fixed_raw_point_window_median
leave_one_sortie_out__fold02,,,dingxin_future_physiology_response_v2_raw_median_v1,response_field_scale,eeg.af3,,,,,a80051b3afd408ff91d49cfa2b620d7bb6a8e91911fa45b46c30e6290a03e24c,,,,49.55378723144531,1.0,raw_window_median,,fixed_raw_point_window_median
leave_one_sortie_out__fold02,,,dingxin_future_physiology_response_v2_raw_median_v1,response_field_scale,eeg.af4,,,,,a80051b3afd408ff91d49cfa2b620d7bb6a8e91911fa45b46c30e6290a03e24c,,,,71.70440673828125,1.0,raw_window_median,,fixed_raw_point_window_median
leave_one_sortie_out__fold02,,,dingxin_future_physiology_response_v2_raw_median_v1,response_field_scale,eeg.f3,,,,,a80051b3afd408ff91d49cfa2b620d7bb6a8e91911fa45b46c30e6290a03e24c,,,,79.3935546875,1.0,raw_window_median,,fixed_raw_point_window_median
leave_one_sortie_out__fold02,,,dingxin_future_physiology_response_v2_raw_median_v1,response_field_scale,eeg.f4,,,,,a80051b3afd408ff91d49cfa2b620d7bb6a8e91911fa45b46c30e6290a03e24c,,,,64.227783203125,1.0,raw_window_median,,fixed_raw_point_window_median
leave_one_sortie_out__fold02,,,dingxin_future_physiology_response_v2_raw_median_v1,response_field_scale,eeg.f7,,,,,a80051b3afd408ff91d49cfa2b620d7bb6a8e91911fa45b46c30e6290a03e24c,,,,49.93379020690918,1.0,raw_window_median,,fixed_raw_point_window_median
leave_one_sortie_out__fold02,,,dingxin_future_physiology_response_v2_raw_median_v1,response_field_scale,eeg.f8,,,,,a80051b3afd408ff91d49cfa2b620d7bb6a8e91911fa45b46c30e6290a03e24c,,,,61.947998046875,1.0,raw_window_median,,fixed_raw_point_window_median
leave_one_sortie_out__fold02,,,dingxin_future_physiology_response_v2_raw_median_v1,response_field_scale,eeg.fp1,,,,,a80051b3afd408ff91d49cfa2b620d7bb6a8e91911fa45b46c30e6290a03e24c,,,,55.7452392578125,1.0,raw_window_median,,fixed_raw_point_window_median
leave_one_sortie_out__fold02,,,dingxin_future_physiology_response_v2_raw_median_v1,response_field_scale,eeg.fp2,,,,,a80051b3afd408ff91d49cfa2b620d7bb6a8e91911fa45b46c30e6290a03e24c,,,,69.8380126953125,1.0,raw_window_median,,fixed_raw_point_window_median
leave_one_sortie_out__fold02,,,dingxin_future_physiology_response_v2_raw_median_v1,response_field_scale,eeg.fpz,,,,,a80051b3afd408ff91d49cfa2b620d7bb6a8e91911fa45b46c30e6290a03e24c,,,,49.7216796875,1.0,raw_window_median,,fixed_raw_point_window_median
leave_one_sortie_out__fold02,,,dingxin_future_physiology_response_v2_raw_median_v1,response_field_excluded,eeg.fz,,,,,a80051b3afd408ff91d49cfa2b620d7bb6a8e91911fa45b46c30e6290a03e24c,train_iqr_is_zero,,,0.0,1.0,raw_window_median,,fixed_raw_point_window_median
leave_one_sortie_out__fold02,,,dingxin_future_physiology_response_v2_raw_median_v1,response_field_scale,spo2.toi1,,,,,a80051b3afd408ff91d49cfa2b620d7bb6a8e91911fa45b46c30e6290a03e24c,,,,0.8635635375976562,1.0,raw_window_median,,fixed_raw_point_window_median
leave_one_sortie_out__fold02,,,dingxin_future_physiology_response_v2_raw_median_v1,response_field_scale,spo2.toi2,,,,,a80051b3afd408ff91d49cfa2b620d7bb6a8e91911fa45b46c30e6290a03e24c,,,,0.5370330810546875,1.0,raw_window_median,,fixed_raw_point_window_median
leave_one_sortie_out__fold02,,,dingxin_future_physiology_response_v2_raw_median_v1,high_response_bound,train_q75,,,,,a80051b3afd408ff91d49cfa2b620d7bb6a8e91911fa45b46c30e6290a03e24c,,,,,,raw_window_median,1.1292972648777704,fixed_raw_point_window_median
