dataset_id,task_group,task_type,metric_name,metric_direction,model_family,model_name,value,sample_count,fold_count,protocol,evidence_role,source_path
nasa_csm,benchmark_only,classification,macro_f1,higher_is_better,mult,mult,0.3024598393574297,1451.0,17.0,full_loso_20260501,public_deep_baseline,/home/wangminan/projects/chronaris/docs/artifacts/runs/2026-05-01_full-loso-deep-comparison/nasa_csm/mult/deep_baseline_summary.json
nasa_csm,benchmark_only,classification,balanced_accuracy,higher_is_better,mult,mult,0.3333333333333333,1451.0,17.0,full_loso_20260501,public_deep_baseline,/home/wangminan/projects/chronaris/docs/artifacts/runs/2026-05-01_full-loso-deep-comparison/nasa_csm/mult/deep_baseline_summary.json
nasa_csm,loft_only,classification,macro_f1,higher_is_better,mult,mult,0.30222579780101905,1359.0,17.0,full_loso_20260501,public_deep_baseline,/home/wangminan/projects/chronaris/docs/artifacts/runs/2026-05-01_full-loso-deep-comparison/nasa_csm/mult/deep_baseline_summary.json
nasa_csm,loft_only,classification,balanced_accuracy,higher_is_better,mult,mult,0.3333333333333333,1359.0,17.0,full_loso_20260501,public_deep_baseline,/home/wangminan/projects/chronaris/docs/artifacts/runs/2026-05-01_full-loso-deep-comparison/nasa_csm/mult/deep_baseline_summary.json
nasa_csm,combined,classification,macro_f1,higher_is_better,mult,mult,0.3023466874108648,2810.0,17.0,full_loso_20260501,public_deep_baseline,/home/wangminan/projects/chronaris/docs/artifacts/runs/2026-05-01_full-loso-deep-comparison/nasa_csm/mult/deep_baseline_summary.json
nasa_csm,combined,classification,balanced_accuracy,higher_is_better,mult,mult,0.3333333333333333,2810.0,17.0,full_loso_20260501,public_deep_baseline,/home/wangminan/projects/chronaris/docs/artifacts/runs/2026-05-01_full-loso-deep-comparison/nasa_csm/mult/deep_baseline_summary.json
nasa_csm,benchmark_only,classification,macro_f1,higher_is_better,contiformer,contiformer,0.30243657372519467,1451.0,17.0,full_loso_20260501,public_deep_baseline,/home/wangminan/projects/chronaris/docs/artifacts/runs/2026-05-01_full-loso-deep-comparison/nasa_csm/contiformer/deep_baseline_summary.json
nasa_csm,benchmark_only,classification,balanced_accuracy,higher_is_better,contiformer,contiformer,0.3330567081604426,1451.0,17.0,full_loso_20260501,public_deep_baseline,/home/wangminan/projects/chronaris/docs/artifacts/runs/2026-05-01_full-loso-deep-comparison/nasa_csm/contiformer/deep_baseline_summary.json
nasa_csm,loft_only,classification,macro_f1,higher_is_better,contiformer,contiformer,0.3002832861189802,1359.0,17.0,full_loso_20260501,public_deep_baseline,/home/wangminan/projects/chronaris/docs/artifacts/runs/2026-05-01_full-loso-deep-comparison/nasa_csm/contiformer/deep_baseline_summary.json
nasa_csm,loft_only,classification,balanced_accuracy,higher_is_better,contiformer,contiformer,0.32919254658385094,1359.0,17.0,full_loso_20260501,public_deep_baseline,/home/wangminan/projects/chronaris/docs/artifacts/runs/2026-05-01_full-loso-deep-comparison/nasa_csm/contiformer/deep_baseline_summary.json
nasa_csm,combined,classification,macro_f1,higher_is_better,contiformer,contiformer,0.30226373483816565,2810.0,17.0,full_loso_20260501,public_deep_baseline,/home/wangminan/projects/chronaris/docs/artifacts/runs/2026-05-01_full-loso-deep-comparison/nasa_csm/contiformer/deep_baseline_summary.json
nasa_csm,combined,classification,balanced_accuracy,higher_is_better,contiformer,contiformer,0.33304745568896515,2810.0,17.0,full_loso_20260501,public_deep_baseline,/home/wangminan/projects/chronaris/docs/artifacts/runs/2026-05-01_full-loso-deep-comparison/nasa_csm/contiformer/deep_baseline_summary.json
uab_workload_dataset,n_back,classification,macro_f1,higher_is_better,mult,mult,0.2621303182956521,28052.0,16.0,full_loso_20260501,public_deep_baseline,/home/wangminan/projects/chronaris/docs/artifacts/runs/2026-05-01_full-loso-deep-comparison/uab_workload_dataset/mult/deep_baseline_summary.json
uab_workload_dataset,n_back,classification,balanced_accuracy,higher_is_better,mult,mult,0.30487771996138335,28052.0,16.0,full_loso_20260501,public_deep_baseline,/home/wangminan/projects/chronaris/docs/artifacts/runs/2026-05-01_full-loso-deep-comparison/uab_workload_dataset/mult/deep_baseline_summary.json
uab_workload_dataset,heat_the_chair,classification,macro_f1,higher_is_better,mult,mult,0.5160979438874922,5440.0,17.0,full_loso_20260501,public_deep_baseline,/home/wangminan/projects/chronaris/docs/artifacts/runs/2026-05-01_full-loso-deep-comparison/uab_workload_dataset/mult/deep_baseline_summary.json
uab_workload_dataset,heat_the_chair,classification,balanced_accuracy,higher_is_better,mult,mult,0.5211289456298294,5440.0,17.0,full_loso_20260501,public_deep_baseline,/home/wangminan/projects/chronaris/docs/artifacts/runs/2026-05-01_full-loso-deep-comparison/uab_workload_dataset/mult/deep_baseline_summary.json
uab_workload_dataset,n_back,regression,rmse,lower_is_better,mult,mult,5.828201477861089,28052.0,16.0,full_loso_20260501,public_deep_baseline,/home/wangminan/projects/chronaris/docs/artifacts/runs/2026-05-01_full-loso-deep-comparison/uab_workload_dataset/mult/deep_baseline_summary.json
uab_workload_dataset,n_back,regression,mae,lower_is_better,mult,mult,4.670542635891571,28052.0,16.0,full_loso_20260501,public_deep_baseline,/home/wangminan/projects/chronaris/docs/artifacts/runs/2026-05-01_full-loso-deep-comparison/uab_workload_dataset/mult/deep_baseline_summary.json
uab_workload_dataset,heat_the_chair,regression,rmse,lower_is_better,mult,mult,2.8251064718014294,5440.0,17.0,full_loso_20260501,public_deep_baseline,/home/wangminan/projects/chronaris/docs/artifacts/runs/2026-05-01_full-loso-deep-comparison/uab_workload_dataset/mult/deep_baseline_summary.json
uab_workload_dataset,heat_the_chair,regression,mae,lower_is_better,mult,mult,2.3534156768308843,5440.0,17.0,full_loso_20260501,public_deep_baseline,/home/wangminan/projects/chronaris/docs/artifacts/runs/2026-05-01_full-loso-deep-comparison/uab_workload_dataset/mult/deep_baseline_summary.json
uab_workload_dataset,n_back,classification,macro_f1,higher_is_better,contiformer,contiformer,0.16202991625965804,28052.0,16.0,full_loso_20260501,public_deep_baseline,/home/wangminan/projects/chronaris/docs/artifacts/runs/2026-05-01_full-loso-deep-comparison/uab_workload_dataset/contiformer/deep_baseline_summary.json
uab_workload_dataset,n_back,classification,balanced_accuracy,higher_is_better,contiformer,contiformer,0.3333333333333333,28052.0,16.0,full_loso_20260501,public_deep_baseline,/home/wangminan/projects/chronaris/docs/artifacts/runs/2026-05-01_full-loso-deep-comparison/uab_workload_dataset/contiformer/deep_baseline_summary.json
uab_workload_dataset,heat_the_chair,classification,macro_f1,higher_is_better,contiformer,contiformer,0.3222028407675056,5440.0,17.0,full_loso_20260501,public_deep_baseline,/home/wangminan/projects/chronaris/docs/artifacts/runs/2026-05-01_full-loso-deep-comparison/uab_workload_dataset/contiformer/deep_baseline_summary.json
uab_workload_dataset,heat_the_chair,classification,balanced_accuracy,higher_is_better,contiformer,contiformer,0.5,5440.0,17.0,full_loso_20260501,public_deep_baseline,/home/wangminan/projects/chronaris/docs/artifacts/runs/2026-05-01_full-loso-deep-comparison/uab_workload_dataset/contiformer/deep_baseline_summary.json
uab_workload_dataset,n_back,regression,rmse,lower_is_better,contiformer,contiformer,4.654091035125815,28052.0,16.0,full_loso_20260501,public_deep_baseline,/home/wangminan/projects/chronaris/docs/artifacts/runs/2026-05-01_full-loso-deep-comparison/uab_workload_dataset/contiformer/deep_baseline_summary.json
uab_workload_dataset,n_back,regression,mae,lower_is_better,contiformer,contiformer,3.8122692104117193,28052.0,16.0,full_loso_20260501,public_deep_baseline,/home/wangminan/projects/chronaris/docs/artifacts/runs/2026-05-01_full-loso-deep-comparison/uab_workload_dataset/contiformer/deep_baseline_summary.json
uab_workload_dataset,heat_the_chair,regression,rmse,lower_is_better,contiformer,contiformer,1.4567585837447001,5440.0,17.0,full_loso_20260501,public_deep_baseline,/home/wangminan/projects/chronaris/docs/artifacts/runs/2026-05-01_full-loso-deep-comparison/uab_workload_dataset/contiformer/deep_baseline_summary.json
uab_workload_dataset,heat_the_chair,regression,mae,lower_is_better,contiformer,contiformer,1.1636927941704498,5440.0,17.0,full_loso_20260501,public_deep_baseline,/home/wangminan/projects/chronaris/docs/artifacts/runs/2026-05-01_full-loso-deep-comparison/uab_workload_dataset/contiformer/deep_baseline_summary.json
nasa_csm,benchmark_only,classification,macro_f1,higher_is_better,classical_baseline,classical_baseline,0.4641561353985333,1451.0,,classical_loso_reference,classical_full_loso_reference,/home/wangminan/projects/chronaris/docs/artifacts/runs/2026-05-01_full-loso-deep-comparison/nasa_csm/mult/deep_baseline_summary.json
nasa_csm,benchmark_only,classification,balanced_accuracy,higher_is_better,classical_baseline,classical_baseline,0.4905424988898386,1451.0,,classical_loso_reference,classical_full_loso_reference,/home/wangminan/projects/chronaris/docs/artifacts/runs/2026-05-01_full-loso-deep-comparison/nasa_csm/mult/deep_baseline_summary.json
nasa_csm,loft_only,classification,macro_f1,higher_is_better,classical_baseline,classical_baseline,0.3723186247618541,1359.0,,classical_loso_reference,classical_full_loso_reference,/home/wangminan/projects/chronaris/docs/artifacts/runs/2026-05-01_full-loso-deep-comparison/nasa_csm/mult/deep_baseline_summary.json
nasa_csm,loft_only,classification,balanced_accuracy,higher_is_better,classical_baseline,classical_baseline,0.38077459244567397,1359.0,,classical_loso_reference,classical_full_loso_reference,/home/wangminan/projects/chronaris/docs/artifacts/runs/2026-05-01_full-loso-deep-comparison/nasa_csm/mult/deep_baseline_summary.json
nasa_csm,combined,classification,macro_f1,higher_is_better,classical_baseline,classical_baseline,0.3741024976765464,2810.0,,classical_loso_reference,classical_full_loso_reference,/home/wangminan/projects/chronaris/docs/artifacts/runs/2026-05-01_full-loso-deep-comparison/nasa_csm/mult/deep_baseline_summary.json
nasa_csm,combined,classification,balanced_accuracy,higher_is_better,classical_baseline,classical_baseline,0.37649783482140214,2810.0,,classical_loso_reference,classical_full_loso_reference,/home/wangminan/projects/chronaris/docs/artifacts/runs/2026-05-01_full-loso-deep-comparison/nasa_csm/mult/deep_baseline_summary.json
uab_workload_dataset,n_back,classification,macro_f1,higher_is_better,classical_baseline,classical_baseline,0.34776469149030814,28052.0,,classical_loso_reference,classical_full_loso_reference,/home/wangminan/projects/chronaris/docs/artifacts/runs/2026-05-01_full-loso-deep-comparison/uab_workload_dataset/contiformer/deep_baseline_summary.json
uab_workload_dataset,n_back,classification,balanced_accuracy,higher_is_better,classical_baseline,classical_baseline,0.36246600531768225,28052.0,,classical_loso_reference,classical_full_loso_reference,/home/wangminan/projects/chronaris/docs/artifacts/runs/2026-05-01_full-loso-deep-comparison/uab_workload_dataset/contiformer/deep_baseline_summary.json
uab_workload_dataset,heat_the_chair,classification,macro_f1,higher_is_better,classical_baseline,classical_baseline,0.5404767483230504,5440.0,,classical_loso_reference,classical_full_loso_reference,/home/wangminan/projects/chronaris/docs/artifacts/runs/2026-05-01_full-loso-deep-comparison/uab_workload_dataset/contiformer/deep_baseline_summary.json
uab_workload_dataset,heat_the_chair,classification,balanced_accuracy,higher_is_better,classical_baseline,classical_baseline,0.5404704649205386,5440.0,,classical_loso_reference,classical_full_loso_reference,/home/wangminan/projects/chronaris/docs/artifacts/runs/2026-05-01_full-loso-deep-comparison/uab_workload_dataset/contiformer/deep_baseline_summary.json
uab_workload_dataset,n_back,regression,rmse,lower_is_better,classical_baseline,classical_baseline,10.223413421909578,28052.0,,classical_loso_reference,classical_full_loso_reference,/home/wangminan/projects/chronaris/docs/artifacts/runs/2026-05-01_full-loso-deep-comparison/uab_workload_dataset/contiformer/deep_baseline_summary.json
uab_workload_dataset,n_back,regression,mae,lower_is_better,classical_baseline,classical_baseline,4.798697119158675,28052.0,,classical_loso_reference,classical_full_loso_reference,/home/wangminan/projects/chronaris/docs/artifacts/runs/2026-05-01_full-loso-deep-comparison/uab_workload_dataset/contiformer/deep_baseline_summary.json
uab_workload_dataset,heat_the_chair,regression,rmse,lower_is_better,classical_baseline,classical_baseline,1.8639105911346199,5440.0,,classical_loso_reference,classical_full_loso_reference,/home/wangminan/projects/chronaris/docs/artifacts/runs/2026-05-01_full-loso-deep-comparison/uab_workload_dataset/contiformer/deep_baseline_summary.json
uab_workload_dataset,heat_the_chair,regression,mae,lower_is_better,classical_baseline,classical_baseline,1.2785132457477062,5440.0,,classical_loso_reference,classical_full_loso_reference,/home/wangminan/projects/chronaris/docs/artifacts/runs/2026-05-01_full-loso-deep-comparison/uab_workload_dataset/contiformer/deep_baseline_summary.json
uab_workload_dataset,n_back,regression,rmse,lower_is_better,public_baseline,public_adapter_current,4.610314175862912,,,public_mainline_best_of,public_adapter_calibration_evidence,/home/wangminan/projects/chronaris/docs/artifacts/runs/2026-05-06_public-opt-uab/public_opt_summary.json
uab_workload_dataset,n_back,regression,mae,lower_is_better,public_baseline,public_adapter_current,3.8042500756744353,,,public_mainline_best_of,public_adapter_calibration_evidence,/home/wangminan/projects/chronaris/docs/artifacts/runs/2026-05-06_public-opt-uab/public_opt_summary.json
uab_workload_dataset,heat_the_chair,regression,rmse,lower_is_better,public_baseline,public_adapter_current,1.433140268927459,,,public_mainline_best_of,public_adapter_calibration_evidence,/home/wangminan/projects/chronaris/docs/artifacts/runs/2026-05-08_public-opt-uab-robust-prior-r1/public_opt_summary.json
uab_workload_dataset,heat_the_chair,regression,mae,lower_is_better,public_baseline,public_adapter_current,1.073958345604878,,,public_mainline_best_of,public_adapter_calibration_evidence,/home/wangminan/projects/chronaris/docs/artifacts/runs/2026-05-08_public-opt-uab-robust-prior-r1/public_opt_summary.json
nasa_csm,benchmark_only,classification,macro_f1,higher_is_better,public_baseline,public_adapter_current,0.7445135090687961,1451.0,,public_mainline_round1,public_adapter_calibration_evidence,/home/wangminan/projects/chronaris/docs/artifacts/runs/2026-05-06_public-opt-nasa-round1/public_opt_summary.json
nasa_csm,benchmark_only,classification,balanced_accuracy,higher_is_better,public_baseline,public_adapter_current,0.758165694976977,1451.0,,public_mainline_round1,public_adapter_calibration_evidence,/home/wangminan/projects/chronaris/docs/artifacts/runs/2026-05-06_public-opt-nasa-round1/public_opt_summary.json
nasa_csm,loft_only,classification,macro_f1,higher_is_better,public_baseline,public_adapter_current,0.3643360690716937,1359.0,,public_mainline_round1,public_adapter_calibration_evidence,/home/wangminan/projects/chronaris/docs/artifacts/runs/2026-05-06_public-opt-nasa-round1/public_opt_summary.json
nasa_csm,loft_only,classification,balanced_accuracy,higher_is_better,public_baseline,public_adapter_current,0.39925281706885657,1359.0,,public_mainline_round1,public_adapter_calibration_evidence,/home/wangminan/projects/chronaris/docs/artifacts/runs/2026-05-06_public-opt-nasa-round1/public_opt_summary.json
nasa_csm,combined,classification,macro_f1,higher_is_better,public_baseline,public_adapter_current,0.4549915569394342,2810.0,,public_mainline_round1,public_adapter_calibration_evidence,/home/wangminan/projects/chronaris/docs/artifacts/runs/2026-05-06_public-opt-nasa-round1/public_opt_summary.json
nasa_csm,combined,classification,balanced_accuracy,higher_is_better,public_baseline,public_adapter_current,0.5590685276024547,2810.0,,public_mainline_round1,public_adapter_calibration_evidence,/home/wangminan/projects/chronaris/docs/artifacts/runs/2026-05-06_public-opt-nasa-round1/public_opt_summary.json
nasa_csm,benchmark_only,classification,macro_f1,higher_is_better,chronaris_public_fusion,chronaris_public_fusion_current,0.598530591492866,1451.0,17.0,full_loso_confirm_current,public_adapter_context_proxy_evidence,/home/wangminan/projects/chronaris/docs/artifacts/runs/2026-05-09_public-fusion-nasa-full-confirm/deep_baseline_summary.json
nasa_csm,benchmark_only,classification,balanced_accuracy,higher_is_better,chronaris_public_fusion,chronaris_public_fusion_current,0.6369680575915146,1451.0,17.0,full_loso_confirm_current,public_adapter_context_proxy_evidence,/home/wangminan/projects/chronaris/docs/artifacts/runs/2026-05-09_public-fusion-nasa-full-confirm/deep_baseline_summary.json
nasa_csm,loft_only,classification,macro_f1,higher_is_better,chronaris_public_fusion,chronaris_public_fusion_current,0.6328592010748634,1359.0,17.0,full_loso_confirm_current,public_adapter_context_proxy_evidence,/home/wangminan/projects/chronaris/docs/artifacts/runs/2026-05-09_public-fusion-nasa-full-confirm/deep_baseline_summary.json
nasa_csm,loft_only,classification,balanced_accuracy,higher_is_better,chronaris_public_fusion,chronaris_public_fusion_current,0.6182598039215687,1359.0,17.0,full_loso_confirm_current,public_adapter_context_proxy_evidence,/home/wangminan/projects/chronaris/docs/artifacts/runs/2026-05-09_public-fusion-nasa-full-confirm/deep_baseline_summary.json
nasa_csm,combined,classification,macro_f1,higher_is_better,chronaris_public_fusion,chronaris_public_fusion_current,0.5615950767425805,2810.0,17.0,full_loso_confirm_current,public_adapter_context_proxy_evidence,/home/wangminan/projects/chronaris/docs/artifacts/runs/2026-05-09_public-fusion-nasa-full-confirm/deep_baseline_summary.json
nasa_csm,combined,classification,balanced_accuracy,higher_is_better,chronaris_public_fusion,chronaris_public_fusion_current,0.5421254364474802,2810.0,17.0,full_loso_confirm_current,public_adapter_context_proxy_evidence,/home/wangminan/projects/chronaris/docs/artifacts/runs/2026-05-09_public-fusion-nasa-full-confirm/deep_baseline_summary.json
uab_workload_dataset,n_back,classification,macro_f1,higher_is_better,chronaris_public_fusion,chronaris_public_fusion_current,0.3021636801801681,3764.0,2.0,two_fold_confirm_current,public_adapter_context_proxy_evidence,/home/wangminan/projects/chronaris/docs/artifacts/runs/2026-05-06_public-fusion-uab-confirm/deep_baseline_summary.json
uab_workload_dataset,n_back,classification,balanced_accuracy,higher_is_better,chronaris_public_fusion,chronaris_public_fusion_current,0.327583201891522,3764.0,2.0,two_fold_confirm_current,public_adapter_context_proxy_evidence,/home/wangminan/projects/chronaris/docs/artifacts/runs/2026-05-06_public-fusion-uab-confirm/deep_baseline_summary.json
uab_workload_dataset,heat_the_chair,classification,macro_f1,higher_is_better,chronaris_public_fusion,chronaris_public_fusion_current,0.38188213514347424,638.0,2.0,two_fold_confirm_current,public_adapter_context_proxy_evidence,/home/wangminan/projects/chronaris/docs/artifacts/runs/2026-05-06_public-fusion-uab-confirm/deep_baseline_summary.json
uab_workload_dataset,heat_the_chair,classification,balanced_accuracy,higher_is_better,chronaris_public_fusion,chronaris_public_fusion_current,0.5036362921613334,638.0,2.0,two_fold_confirm_current,public_adapter_context_proxy_evidence,/home/wangminan/projects/chronaris/docs/artifacts/runs/2026-05-06_public-fusion-uab-confirm/deep_baseline_summary.json
uab_workload_dataset,n_back,regression,rmse,lower_is_better,chronaris_public_fusion,chronaris_public_fusion_current,6.064891117853205,3764.0,2.0,two_fold_confirm_current,public_adapter_context_proxy_evidence,/home/wangminan/projects/chronaris/docs/artifacts/runs/2026-05-06_public-fusion-uab-confirm/deep_baseline_summary.json
uab_workload_dataset,n_back,regression,mae,lower_is_better,chronaris_public_fusion,chronaris_public_fusion_current,5.4084016752293715,3764.0,2.0,two_fold_confirm_current,public_adapter_context_proxy_evidence,/home/wangminan/projects/chronaris/docs/artifacts/runs/2026-05-06_public-fusion-uab-confirm/deep_baseline_summary.json
uab_workload_dataset,heat_the_chair,regression,rmse,lower_is_better,chronaris_public_fusion,chronaris_public_fusion_current,2.1027110772908917,638.0,2.0,two_fold_confirm_current,public_adapter_context_proxy_evidence,/home/wangminan/projects/chronaris/docs/artifacts/runs/2026-05-06_public-fusion-uab-confirm/deep_baseline_summary.json
uab_workload_dataset,heat_the_chair,regression,mae,lower_is_better,chronaris_public_fusion,chronaris_public_fusion_current,1.7990387935997176,638.0,2.0,two_fold_confirm_current,public_adapter_context_proxy_evidence,/home/wangminan/projects/chronaris/docs/artifacts/runs/2026-05-06_public-fusion-uab-confirm/deep_baseline_summary.json
nasa_csm,benchmark_only,classification,macro_f1,higher_is_better,chronaris_public_fusion,chronaris_public_fusion_refresh,0.6558222022372738,1451.0,17.0,p28_refresh_full_loso_confirm,public_adapter_context_proxy_evidence,/home/wangminan/projects/chronaris/docs/artifacts/runs/2026-07-01_public-fusion-calibration/confirm/nasa_csm/fusion_h64_l2_hd4_do0p1_bias0p25_lag16_lr0p001_bs128_smooth_l1_td1_zscore_train_wd1em05__seed42/deep_baseline_summary.json
nasa_csm,benchmark_only,classification,balanced_accuracy,higher_is_better,chronaris_public_fusion,chronaris_public_fusion_refresh,0.6767944028763925,1451.0,17.0,p28_refresh_full_loso_confirm,public_adapter_context_proxy_evidence,/home/wangminan/projects/chronaris/docs/artifacts/runs/2026-07-01_public-fusion-calibration/confirm/nasa_csm/fusion_h64_l2_hd4_do0p1_bias0p25_lag16_lr0p001_bs128_smooth_l1_td1_zscore_train_wd1em05__seed42/deep_baseline_summary.json
nasa_csm,loft_only,classification,macro_f1,higher_is_better,chronaris_public_fusion,chronaris_public_fusion_refresh,0.6480860136797442,1359.0,17.0,p28_refresh_full_loso_confirm,public_adapter_context_proxy_evidence,/home/wangminan/projects/chronaris/docs/artifacts/runs/2026-07-01_public-fusion-calibration/confirm/nasa_csm/fusion_h64_l2_hd4_do0p1_bias0p25_lag16_lr0p001_bs128_smooth_l1_td1_zscore_train_wd1em05__seed42/deep_baseline_summary.json
nasa_csm,loft_only,classification,balanced_accuracy,higher_is_better,chronaris_public_fusion,chronaris_public_fusion_refresh,0.6417003395561123,1359.0,17.0,p28_refresh_full_loso_confirm,public_adapter_context_proxy_evidence,/home/wangminan/projects/chronaris/docs/artifacts/runs/2026-07-01_public-fusion-calibration/confirm/nasa_csm/fusion_h64_l2_hd4_do0p1_bias0p25_lag16_lr0p001_bs128_smooth_l1_td1_zscore_train_wd1em05__seed42/deep_baseline_summary.json
nasa_csm,combined,classification,macro_f1,higher_is_better,chronaris_public_fusion,chronaris_public_fusion_refresh,0.5657317313970226,2810.0,17.0,p28_refresh_full_loso_confirm,public_adapter_context_proxy_evidence,/home/wangminan/projects/chronaris/docs/artifacts/runs/2026-07-01_public-fusion-calibration/confirm/nasa_csm/fusion_h64_l2_hd4_do0p1_bias0p25_lag16_lr0p001_bs128_smooth_l1_td1_zscore_train_wd1em05__seed42/deep_baseline_summary.json
nasa_csm,combined,classification,balanced_accuracy,higher_is_better,chronaris_public_fusion,chronaris_public_fusion_refresh,0.56349066834828,2810.0,17.0,p28_refresh_full_loso_confirm,public_adapter_context_proxy_evidence,/home/wangminan/projects/chronaris/docs/artifacts/runs/2026-07-01_public-fusion-calibration/confirm/nasa_csm/fusion_h64_l2_hd4_do0p1_bias0p25_lag16_lr0p001_bs128_smooth_l1_td1_zscore_train_wd1em05__seed42/deep_baseline_summary.json
uab_workload_dataset,n_back,regression,rmse,lower_is_better,chronaris_public_fusion,chronaris_public_fusion_refresh,5.163878884109296,28052.0,16.0,p28_refresh_full_loso_confirm,public_adapter_context_proxy_evidence,/home/wangminan/projects/chronaris/docs/artifacts/runs/2026-07-01_public-fusion-calibration/confirm/uab_workload_dataset/fusion_h64_l2_hd4_do0p1_bias0p25_lag16_lr0p001_bs128_smooth_l1_td1_zscore_train_wd1em05__seed42/deep_baseline_summary.json
uab_workload_dataset,n_back,regression,mae,lower_is_better,chronaris_public_fusion,chronaris_public_fusion_refresh,4.073223467107236,28052.0,16.0,p28_refresh_full_loso_confirm,public_adapter_context_proxy_evidence,/home/wangminan/projects/chronaris/docs/artifacts/runs/2026-07-01_public-fusion-calibration/confirm/uab_workload_dataset/fusion_h64_l2_hd4_do0p1_bias0p25_lag16_lr0p001_bs128_smooth_l1_td1_zscore_train_wd1em05__seed42/deep_baseline_summary.json
uab_workload_dataset,n_back,classification,macro_f1,higher_is_better,chronaris_public_fusion,chronaris_public_fusion_refresh,0.32022952206199085,28052.0,16.0,p28_refresh_full_loso_confirm,public_adapter_context_proxy_evidence,/home/wangminan/projects/chronaris/docs/artifacts/runs/2026-07-01_public-fusion-calibration/confirm/uab_workload_dataset/fusion_h64_l2_hd4_do0p1_bias0p25_lag16_lr0p001_bs128_smooth_l1_td1_zscore_train_wd1em05__seed42/deep_baseline_summary.json
uab_workload_dataset,n_back,classification,balanced_accuracy,higher_is_better,chronaris_public_fusion,chronaris_public_fusion_refresh,0.34282534476789955,28052.0,16.0,p28_refresh_full_loso_confirm,public_adapter_context_proxy_evidence,/home/wangminan/projects/chronaris/docs/artifacts/runs/2026-07-01_public-fusion-calibration/confirm/uab_workload_dataset/fusion_h64_l2_hd4_do0p1_bias0p25_lag16_lr0p001_bs128_smooth_l1_td1_zscore_train_wd1em05__seed42/deep_baseline_summary.json
uab_workload_dataset,heat_the_chair,regression,rmse,lower_is_better,chronaris_public_fusion,chronaris_public_fusion_refresh,1.4557918272975465,5440.0,17.0,p28_refresh_full_loso_confirm,public_adapter_context_proxy_evidence,/home/wangminan/projects/chronaris/docs/artifacts/runs/2026-07-01_public-fusion-calibration/confirm/uab_workload_dataset/fusion_h64_l2_hd4_do0p1_bias0p25_lag16_lr0p001_bs128_smooth_l1_td1_zscore_train_wd1em05__seed42/deep_baseline_summary.json
uab_workload_dataset,heat_the_chair,regression,mae,lower_is_better,chronaris_public_fusion,chronaris_public_fusion_refresh,1.1512073343729272,5440.0,17.0,p28_refresh_full_loso_confirm,public_adapter_context_proxy_evidence,/home/wangminan/projects/chronaris/docs/artifacts/runs/2026-07-01_public-fusion-calibration/confirm/uab_workload_dataset/fusion_h64_l2_hd4_do0p1_bias0p25_lag16_lr0p001_bs128_smooth_l1_td1_zscore_train_wd1em05__seed42/deep_baseline_summary.json
uab_workload_dataset,heat_the_chair,classification,macro_f1,higher_is_better,chronaris_public_fusion,chronaris_public_fusion_refresh,0.504835572580152,5440.0,17.0,p28_refresh_full_loso_confirm,public_adapter_context_proxy_evidence,/home/wangminan/projects/chronaris/docs/artifacts/runs/2026-07-01_public-fusion-calibration/confirm/uab_workload_dataset/fusion_h64_l2_hd4_do0p1_bias0p25_lag16_lr0p001_bs128_smooth_l1_td1_zscore_train_wd1em05__seed42/deep_baseline_summary.json
uab_workload_dataset,heat_the_chair,classification,balanced_accuracy,higher_is_better,chronaris_public_fusion,chronaris_public_fusion_refresh,0.5334708860334147,5440.0,17.0,p28_refresh_full_loso_confirm,public_adapter_context_proxy_evidence,/home/wangminan/projects/chronaris/docs/artifacts/runs/2026-07-01_public-fusion-calibration/confirm/uab_workload_dataset/fusion_h64_l2_hd4_do0p1_bias0p25_lag16_lr0p001_bs128_smooth_l1_td1_zscore_train_wd1em05__seed42/deep_baseline_summary.json
