sample_id,view_id,sortie_id,pilot_id,projection_diagnostics_verdict,embedding_norm,attention_entropy,top_event_concentration,event_mask_interference
20251005_四01_ACT-4_云_J20_22#01__pilot_10033::20251005_四01_ACT-4_云_J20_22#01:0029,20251005_四01_ACT-4_云_J20_22#01__pilot_10033,20251005_四01_ACT-4_云_J20_22#01,10033,PASS,10.013378143310547,2.7539329528808594,0.0974123403429985,0.12882912158966064
20251005_四01_ACT-4_云_J20_22#01__pilot_10033::20251005_四01_ACT-4_云_J20_22#01:0030,20251005_四01_ACT-4_云_J20_22#01__pilot_10033,20251005_四01_ACT-4_云_J20_22#01,10033,PASS,10.013378143310547,2.7539329528808594,0.0974123403429985,0.12882912158966064
20251005_四01_ACT-4_云_J20_22#01__pilot_10033::20251005_四01_ACT-4_云_J20_22#01:0031,20251005_四01_ACT-4_云_J20_22#01__pilot_10033,20251005_四01_ACT-4_云_J20_22#01,10033,PASS,10.013378143310547,2.7539329528808594,0.0974123403429985,0.12882912158966064
20251005_四01_ACT-4_云_J20_22#01__pilot_10033::20251005_四01_ACT-4_云_J20_22#01:0032,20251005_四01_ACT-4_云_J20_22#01__pilot_10033,20251005_四01_ACT-4_云_J20_22#01,10033,PASS,10.013378143310547,2.7539329528808594,0.0974123403429985,0.12882912158966064
20251005_四01_ACT-4_云_J20_22#01__pilot_10033::20251005_四01_ACT-4_云_J20_22#01:0033,20251005_四01_ACT-4_云_J20_22#01__pilot_10033,20251005_四01_ACT-4_云_J20_22#01,10033,PASS,10.013378143310547,2.7539329528808594,0.0974123403429985,0.12882912158966064
20251005_四01_ACT-4_云_J20_22#01__pilot_10033::20251005_四01_ACT-4_云_J20_22#01:0034,20251005_四01_ACT-4_云_J20_22#01__pilot_10033,20251005_四01_ACT-4_云_J20_22#01,10033,PASS,10.013378143310547,2.7539329528808594,0.0974123403429985,0.12882912158966064
20251005_四01_ACT-4_云_J20_22#01__pilot_10033::20251005_四01_ACT-4_云_J20_22#01:0035,20251005_四01_ACT-4_云_J20_22#01__pilot_10033,20251005_四01_ACT-4_云_J20_22#01,10033,PASS,10.013378143310547,2.7539329528808594,0.0974123403429985,0.12882912158966064
20251005_四01_ACT-4_云_J20_22#01__pilot_10033::20251005_四01_ACT-4_云_J20_22#01:0036,20251005_四01_ACT-4_云_J20_22#01__pilot_10033,20251005_四01_ACT-4_云_J20_22#01,10033,PASS,10.316789627075195,2.7592110633850098,0.08055013418197632,0.13091742992401123
20251002_单01_ACT-8_翼云_J16_12#01__pilot_10035::20251002_单01_ACT-8_翼云_J16_12#01:0029,20251002_单01_ACT-8_翼云_J16_12#01__pilot_10035,20251002_单01_ACT-8_翼云_J16_12#01,10035,PASS,9.946432113647461,2.7670841217041016,0.07893092930316925,0.09611856937408447
20251002_单01_ACT-8_翼云_J16_12#01__pilot_10035::20251002_单01_ACT-8_翼云_J16_12#01:0030,20251002_单01_ACT-8_翼云_J16_12#01__pilot_10035,20251002_单01_ACT-8_翼云_J16_12#01,10035,PASS,9.946432113647461,2.7670841217041016,0.07893092930316925,0.09611856937408447
20251002_单01_ACT-8_翼云_J16_12#01__pilot_10035::20251002_单01_ACT-8_翼云_J16_12#01:0031,20251002_单01_ACT-8_翼云_J16_12#01__pilot_10035,20251002_单01_ACT-8_翼云_J16_12#01,10035,PASS,9.946432113647461,2.7670841217041016,0.07893092930316925,0.09611856937408447
20251002_单01_ACT-8_翼云_J16_12#01__pilot_10035::20251002_单01_ACT-8_翼云_J16_12#01:0032,20251002_单01_ACT-8_翼云_J16_12#01__pilot_10035,20251002_单01_ACT-8_翼云_J16_12#01,10035,PASS,9.946432113647461,2.7670841217041016,0.07893092930316925,0.09611856937408447
20251002_单01_ACT-8_翼云_J16_12#01__pilot_10035::20251002_单01_ACT-8_翼云_J16_12#01:0033,20251002_单01_ACT-8_翼云_J16_12#01__pilot_10035,20251002_单01_ACT-8_翼云_J16_12#01,10035,PASS,9.946432113647461,2.7670841217041016,0.07893092930316925,0.09611856937408447
20251002_单01_ACT-8_翼云_J16_12#01__pilot_10035::20251002_单01_ACT-8_翼云_J16_12#01:0034,20251002_单01_ACT-8_翼云_J16_12#01__pilot_10035,20251002_单01_ACT-8_翼云_J16_12#01,10035,PASS,9.946432113647461,2.7670841217041016,0.07893092930316925,0.09611856937408447
20251002_单01_ACT-8_翼云_J16_12#01__pilot_10035::20251002_单01_ACT-8_翼云_J16_12#01:0035,20251002_单01_ACT-8_翼云_J16_12#01__pilot_10035,20251002_单01_ACT-8_翼云_J16_12#01,10035,PASS,9.946432113647461,2.7670841217041016,0.07893092930316925,0.09611856937408447
20251002_单01_ACT-8_翼云_J16_12#01__pilot_10035::20251002_单01_ACT-8_翼云_J16_12#01:0036,20251002_单01_ACT-8_翼云_J16_12#01__pilot_10035,20251002_单01_ACT-8_翼云_J16_12#01,10035,PASS,10.51130199432373,2.7716684341430664,0.06657232344150543,0.08824920654296875
20251002_单01_ACT-8_翼云_J16_12#01__pilot_10033::20251002_单01_ACT-8_翼云_J16_12#01:0029,20251002_单01_ACT-8_翼云_J16_12#01__pilot_10033,20251002_单01_ACT-8_翼云_J16_12#01,10033,WARN,10.14278507232666,2.7580041885375977,0.07805751264095306,0.11832892894744873
20251002_单01_ACT-8_翼云_J16_12#01__pilot_10033::20251002_单01_ACT-8_翼云_J16_12#01:0030,20251002_单01_ACT-8_翼云_J16_12#01__pilot_10033,20251002_单01_ACT-8_翼云_J16_12#01,10033,WARN,10.14278507232666,2.7580041885375977,0.07805751264095306,0.11832892894744873
20251002_单01_ACT-8_翼云_J16_12#01__pilot_10033::20251002_单01_ACT-8_翼云_J16_12#01:0031,20251002_单01_ACT-8_翼云_J16_12#01__pilot_10033,20251002_单01_ACT-8_翼云_J16_12#01,10033,WARN,10.14278507232666,2.7580041885375977,0.07805751264095306,0.11832892894744873
20251002_单01_ACT-8_翼云_J16_12#01__pilot_10033::20251002_单01_ACT-8_翼云_J16_12#01:0032,20251002_单01_ACT-8_翼云_J16_12#01__pilot_10033,20251002_单01_ACT-8_翼云_J16_12#01,10033,WARN,10.14278507232666,2.7580041885375977,0.07805751264095306,0.11832892894744873
20251002_单01_ACT-8_翼云_J16_12#01__pilot_10033::20251002_单01_ACT-8_翼云_J16_12#01:0033,20251002_单01_ACT-8_翼云_J16_12#01__pilot_10033,20251002_单01_ACT-8_翼云_J16_12#01,10033,WARN,10.14278507232666,2.7580041885375977,0.07805751264095306,0.11832892894744873
20251002_单01_ACT-8_翼云_J16_12#01__pilot_10033::20251002_单01_ACT-8_翼云_J16_12#01:0034,20251002_单01_ACT-8_翼云_J16_12#01__pilot_10033,20251002_单01_ACT-8_翼云_J16_12#01,10033,WARN,10.14278507232666,2.7580041885375977,0.07805751264095306,0.11832892894744873
20251002_单01_ACT-8_翼云_J16_12#01__pilot_10033::20251002_单01_ACT-8_翼云_J16_12#01:0035,20251002_单01_ACT-8_翼云_J16_12#01__pilot_10033,20251002_单01_ACT-8_翼云_J16_12#01,10033,WARN,10.14278507232666,2.7580041885375977,0.07805751264095306,0.11832892894744873
20251002_单01_ACT-8_翼云_J16_12#01__pilot_10033::20251002_单01_ACT-8_翼云_J16_12#01:0036,20251002_单01_ACT-8_翼云_J16_12#01__pilot_10033,20251002_单01_ACT-8_翼云_J16_12#01,10033,WARN,10.829256057739258,2.766800880432129,0.06764587759971619,0.23230385780334473
